student_id,gender,age_group,meal_time,frequency_of_visit,favorite_meal
1,Male,18-25,Lunch,Weekly,Burger
2,Male,26-35,Lunch,Weekly,Burger
3,Male,36-45,Dinner,Weekly,Burger
4,Female,26-35,Dinner,Weekly,Salad
5,Male,36-45,Dinner,Weekly,Burger
6,Female,18-25,Dinner,Weekly,Pizza
7,Female,26-35,Dinner,Occasionally,Pizza
8,Female,36-45,Dinner,Occasionally,Burger
9,Male,18-25,Dinner,Daily,Burger
10,Male,26-35,Dinner,Daily,Pizza
11,Female,36-45,Dinner,Daily,Pizza
12,Female,26-35,Dinner,Occasionally,Burger
13,Female,18-25,Lunch,Daily,Salad
14,Male,36-45,Dinner,Occasionally,Pizza
15,Female,36-45,Lunch,Daily,Salad
16,Male,36-45,Lunch,Daily,Burger
17,Female,18-25,Lunch,Daily,Burger
18,Male,36-45,Dinner,Daily,Pizza
19,Male,26-35,Lunch,Weekly,Pizza
20,Male,26-35,Dinner,Weekly,Burger
21,Male,26-35,Lunch,Weekly,Salad
22,Female,36-45,Lunch,Weekly,Salad
23,Male,18-25,Lunch,Daily,Pizza
24,Male,18-25,Dinner,Occasionally,Burger
25,Male,26-35,Dinner,Occasionally,Pizza
26,Male,26-35,Lunch,Occasionally,Burger
27,Female,36-45,Lunch,Weekly,Burger
28,Female,26-35,Lunch,Occasionally,Salad
29,Male,26-35,Lunch,Weekly,Pizza
30,Female,18-25,Dinner,Daily,Burger
31,Male,36-45,Lunch,Daily,Salad
32,Female,18-25,Dinner,Weekly,Pizza
33,Male,36-45,Dinner,Weekly,Pizza
34,Female,36-45,Lunch,Weekly,Burger
35,Female,36-45,Lunch,Daily,Salad
36,Male,36-45,Lunch,Occasionally,Burger
37,Male,26-35,Lunch,Daily,Burger
38,Male,26-35,Lunch,Occasionally,Salad
39,Male,18-25,Dinner,Daily,Salad
40,Female,18-25,Lunch,Daily,Pizza
41,Male,36-45,Dinner,Occasionally,Pizza
42,Female,26-35,Lunch,Weekly,Burger
43,Female,18-25,Lunch,Daily,Salad
44,Male,26-35,Dinner,Occasionally,Burger
45,Male,26-35,Dinner,Occasionally,Salad
46,Male,26-35,Lunch,Weekly,Pizza
47,Male,18-25,Lunch,Weekly,Pizza
48,Female,36-45,Dinner,Occasionally,Salad
49,Male,36-45,Lunch,Occasionally,Burger
50,Male,26-35,Dinner,Daily,Salad
51,Female,26-35,Lunch,Weekly,Pizza
52,Male,26-35,Lunch,Daily,Burger
53,Male,18-25,Dinner,Daily,Pizza
54,Male,36-45,Lunch,Occasionally,Pizza
55,Male,18-25,Lunch,Daily,Burger
56,Female,26-35,Dinner,Weekly,Burger
57,Female,36-45,Lunch,Weekly,Burger
58,Male,18-25,Dinner,Occasionally,Salad
59,Female,18-25,Lunch,Weekly,Pizza
60,Male,26-35,Dinner,Occasionally,Salad
61,Male,36-45,Dinner,Occasionally,Pizza
62,Female,18-25,Dinner,Weekly,Burger
63,Female,26-35,Lunch,Occasionally,Salad
64,Male,18-25,Dinner,Occasionally,Burger
65,Male,18-25,Dinner,Weekly,Pizza
66,Female,36-45,Dinner,Weekly,Salad
67,Male,36-45,Lunch,Occasionally,Burger
68,Male,36-45,Dinner,Occasionally,Pizza
69,Male,36-45,Lunch,Weekly,Burger
70,Male,36-45,Dinner,Daily,Burger
71,Female,26-35,Lunch,Daily,Pizza
72,Male,36-45,Lunch,Occasionally,Salad
73,Male,26-35,Lunch,Occasionally,Salad
74,Male,36-45,Dinner,Daily,Burger
75,Male,26-35,Dinner,Weekly,Burger
76,Female,36-45,Dinner,Weekly,Burger
77,Female,26-35,Lunch,Occasionally,Salad
78,Male,26-35,Dinner,Weekly,Pizza
79,Female,36-45,Dinner,Occasionally,Burger
80,Female,26-35,Lunch,Daily,Salad
81,Female,18-25,Dinner,Weekly,Salad
82,Female,36-45,Dinner,Weekly,Pizza
83,Male,18-25,Dinner,Daily,Pizza
84,Female,36-45,Dinner,Occasionally,Salad
85,Female,26-35,Dinner,Weekly,Burger
86,Female,18-25,Lunch,Occasionally,Pizza
87,Male,18-25,Lunch,Occasionally,Salad
88,Male,36-45,Lunch,Daily,Burger
89,Female,18-25,Dinner,Weekly,Burger
90,Male,26-35,Lunch,Weekly,Salad
91,Female,36-45,Lunch,Daily,Salad
92,Female,36-45,Dinner,Daily,Pizza
93,Male,26-35,Dinner,Weekly,Burger
94,Female,26-35,Dinner,Occasionally,Burger
95,Female,26-35,Lunch,Occasionally,Pizza
96,Male,36-45,Dinner,Occasionally,Pizza
97,Male,36-45,Dinner,Weekly,Salad
98,Female,36-45,Lunch,Weekly,Salad
99,Male,26-35,Lunch,Occasionally,Pizza
100,Male,18-25,Lunch,Daily,Salad
101,Male,36-45,Dinner,Occasionally,Pizza
102,Female,36-45,Lunch,Daily,Burger
103,Female,36-45,Dinner,Occasionally,Pizza
104,Male,36-45,Lunch,Occasionally,Pizza
105,Female,36-45,Lunch,Occasionally,Burger
106,Female,36-45,Lunch,Weekly,Salad
107,Male,18-25,Dinner,Daily,Salad
108,Male,18-25,Lunch,Daily,Pizza
109,Male,18-25,Dinner,Occasionally,Burger
110,Female,18-25,Lunch,Daily,Salad
111,Female,18-25,Lunch,Weekly,Pizza
112,Female,26-35,Lunch,Weekly,Salad
113,Female,18-25,Lunch,Occasionally,Salad
114,Male,26-35,Dinner,Weekly,Burger
115,Male,26-35,Lunch,Daily,Salad
116,Female,36-45,Dinner,Daily,Pizza
117,Female,36-45,Dinner,Weekly,Burger
118,Female,18-25,Dinner,Occasionally,Salad
119,Male,26-35,Dinner,Daily,Pizza
120,Female,26-35,Dinner,Daily,Salad
121,Male,18-25,Lunch,Daily,Burger
122,Female,36-45,Lunch,Daily,Salad
123,Male,36-45,Lunch,Daily,Burger
124,Male,26-35,Lunch,Daily,Burger
125,Male,18-25,Dinner,Occasionally,Salad
126,Female,36-45,Lunch,Daily,Salad
127,Female,26-35,Lunch,Weekly,Burger
128,Male,18-25,Lunch,Occasionally,Salad
129,Male,36-45,Dinner,Occasionally,Salad
130,Male,26-35,Lunch,Occasionally,Salad
131,Female,26-35,Dinner,Weekly,Salad
132,Male,26-35,Lunch,Weekly,Pizza
133,Female,26-35,Lunch,Daily,Burger
134,Female,26-35,Dinner,Occasionally,Salad
135,Female,18-25,Dinner,Weekly,Burger
136,Female,18-25,Lunch,Daily,Salad
137,Female,36-45,Lunch,Daily,Salad
138,Female,18-25,Lunch,Occasionally,Burger
139,Female,18-25,Lunch,Weekly,Salad
140,Male,36-45,Dinner,Weekly,Burger
141,Female,18-25,Lunch,Daily,Burger
142,Female,26-35,Lunch,Daily,Salad
143,Female,36-45,Lunch,Occasionally,Salad
144,Male,36-45,Dinner,Occasionally,Burger
145,Female,26-35,Lunch,Daily,Salad
146,Female,26-35,Dinner,Weekly,Pizza
147,Female,18-25,Dinner,Daily,Burger
148,Male,36-45,Dinner,Weekly,Burger
149,Female,36-45,Dinner,Daily,Salad
150,Female,18-25,Dinner,Occasionally,Burger
151,Male,36-45,Lunch,Occasionally,Pizza
152,Female,18-25,Dinner,Weekly,Salad
153,Male,18-25,Lunch,Weekly,Pizza
154,Female,26-35,Dinner,Occasionally,Pizza
155,Male,18-25,Lunch,Daily,Pizza
156,Male,18-25,Dinner,Weekly,Burger
157,Male,18-25,Lunch,Weekly,Burger
158,Male,18-25,Dinner,Weekly,Salad
159,Male,18-25,Dinner,Daily,Salad
160,Male,18-25,Dinner,Weekly,Pizza
161,Male,36-45,Lunch,Daily,Burger
162,Female,36-45,Lunch,Occasionally,Pizza
163,Female,18-25,Lunch,Occasionally,Burger
164,Female,18-25,Dinner,Occasionally,Salad
165,Male,36-45,Lunch,Weekly,Salad
166,Female,26-35,Lunch,Weekly,Pizza
167,Male,26-35,Lunch,Occasionally,Burger
168,Male,36-45,Dinner,Occasionally,Salad
169,Female,36-45,Lunch,Daily,Burger
170,Male,26-35,Lunch,Weekly,Pizza
171,Female,36-45,Lunch,Weekly,Pizza
172,Female,36-45,Lunch,Occasionally,Burger
173,Female,18-25,Lunch,Weekly,Burger
174,Female,26-35,Dinner,Daily,Pizza
175,Male,26-35,Lunch,Occasionally,Pizza
176,Male,26-35,Dinner,Weekly,Burger
177,Male,26-35,Lunch,Daily,Salad
178,Female,18-25,Dinner,Daily,Pizza
179,Female,18-25,Dinner,Weekly,Salad
180,Female,26-35,Dinner,Weekly,Pizza
181,Female,26-35,Lunch,Daily,Burger
182,Male,18-25,Lunch,Daily,Salad
183,Male,36-45,Dinner,Occasionally,Salad
184,Male,18-25,Dinner,Occasionally,Burger
185,Male,36-45,Dinner,Daily,Salad
186,Female,36-45,Dinner,Weekly,Salad
187,Female,26-35,Lunch,Occasionally,Pizza
188,Male,36-45,Dinner,Weekly,Salad
189,Male,36-45,Dinner,Occasionally,Salad
190,Female,36-45,Dinner,Daily,Burger
191,Female,18-25,Dinner,Weekly,Salad
192,Male,36-45,Dinner,Occasionally,Pizza
193,Male,18-25,Dinner,Occasionally,Burger
194,Female,36-45,Dinner,Weekly,Salad
195,Female,18-25,Dinner,Occasionally,Burger
196,Male,18-25,Lunch,Weekly,Burger
197,Male,26-35,Dinner,Occasionally,Salad
198,Female,26-35,Dinner,Weekly,Pizza
199,Male,18-25,Dinner,Daily,Burger
200,Female,18-25,Lunch,Daily,Burger
201,Female,18-25,Dinner,Occasionally,Pizza
202,Female,36-45,Dinner,Occasionally,Burger
203,Female,18-25,Lunch,Weekly,Pizza
204,Male,18-25,Lunch,Weekly,Salad
205,Female,26-35,Lunch,Weekly,Burger
206,Female,18-25,Lunch,Weekly,Pizza
207,Female,18-25,Dinner,Weekly,Burger
208,Male,36-45,Dinner,Daily,Salad
209,Female,26-35,Dinner,Daily,Burger
210,Female,36-45,Lunch,Occasionally,Pizza
211,Female,26-35,Lunch,Occasionally,Salad
212,Male,36-45,Dinner,Weekly,Burger
213,Male,18-25,Lunch,Weekly,Salad
214,Female,26-35,Dinner,Occasionally,Salad
215,Female,26-35,Dinner,Daily,Burger
216,Female,26-35,Dinner,Occasionally,Pizza
217,Female,26-35,Dinner,Weekly,Burger
218,Male,26-35,Lunch,Daily,Burger
219,Female,18-25,Lunch,Occasionally,Salad
220,Male,36-45,Dinner,Weekly,Salad
221,Female,26-35,Lunch,Weekly,Burger
222,Male,36-45,Lunch,Occasionally,Salad
223,Male,26-35,Dinner,Daily,Salad
224,Male,18-25,Lunch,Occasionally,Pizza
225,Female,36-45,Lunch,Daily,Pizza
226,Female,26-35,Dinner,Weekly,Pizza
227,Male,36-45,Lunch,Daily,Burger
228,Male,26-35,Dinner,Daily,Salad
229,Female,36-45,Lunch,Daily,Burger
230,Male,36-45,Dinner,Daily,Pizza
231,Male,26-35,Dinner,Daily,Salad
232,Female,26-35,Lunch,Weekly,Burger
233,Female,26-35,Lunch,Occasionally,Salad
234,Male,36-45,Dinner,Weekly,Burger
235,Female,18-25,Lunch,Weekly,Salad
236,Female,18-25,Lunch,Weekly,Salad
237,Female,18-25,Lunch,Daily,Pizza
238,Female,36-45,Lunch,Daily,Burger
239,Female,18-25,Dinner,Occasionally,Pizza
240,Male,26-35,Lunch,Weekly,Salad
241,Male,36-45,Dinner,Occasionally,Salad
242,Female,18-25,Lunch,Occasionally,Pizza
243,Male,26-35,Lunch,Weekly,Burger
244,Female,26-35,Lunch,Daily,Salad
245,Male,36-45,Lunch,Daily,Pizza
246,Male,26-35,Lunch,Weekly,Burger
247,Male,26-35,Dinner,Weekly,Burger
248,Female,36-45,Lunch,Occasionally,Pizza
249,Female,26-35,Dinner,Daily,Salad
250,Female,18-25,Dinner,Weekly,Burger
251,Male,36-45,Lunch,Daily,Pizza
252,Female,18-25,Dinner,Weekly,Pizza
253,Female,36-45,Dinner,Occasionally,Salad
254,Male,36-45,Dinner,Daily,Salad
255,Male,26-35,Dinner,Occasionally,Pizza
256,Male,36-45,Dinner,Weekly,Salad
257,Male,36-45,Dinner,Weekly,Salad
258,Male,26-35,Lunch,Occasionally,Salad
259,Female,36-45,Lunch,Daily,Pizza
260,Male,18-25,Dinner,Weekly,Burger
261,Female,26-35,Dinner,Daily,Burger
262,Female,26-35,Dinner,Weekly,Burger
263,Female,18-25,Dinner,Weekly,Salad
264,Male,18-25,Dinner,Occasionally,Salad
265,Female,36-45,Lunch,Weekly,Salad
266,Male,36-45,Lunch,Occasionally,Pizza
267,Female,36-45,Lunch,Occasionally,Burger
268,Male,26-35,Dinner,Weekly,Salad
269,Male,36-45,Lunch,Occasionally,Pizza
270,Male,36-45,Dinner,Daily,Burger
271,Male,26-35,Lunch,Daily,Salad
272,Male,36-45,Dinner,Weekly,Salad
273,Male,18-25,Dinner,Weekly,Pizza
274,Female,36-45,Lunch,Occasionally,Burger
275,Male,36-45,Dinner,Occasionally,Salad
276,Female,36-45,Dinner,Occasionally,Burger
277,Male,26-35,Dinner,Weekly,Pizza
278,Male,26-35,Lunch,Weekly,Salad
279,Male,18-25,Dinner,Daily,Salad
280,Male,18-25,Dinner,Weekly,Pizza
281,Female,36-45,Lunch,Weekly,Salad
282,Female,26-35,Lunch,Daily,Burger
283,Male,36-45,Dinner,Weekly,Pizza
284,Male,36-45,Dinner,Weekly,Burger
285,Male,18-25,Lunch,Occasionally,Salad
286,Female,26-35,Lunch,Daily,Burger
287,Female,36-45,Dinner,Daily,Salad
288,Female,18-25,Lunch,Daily,Pizza
289,Male,36-45,Dinner,Weekly,Pizza
290,Female,26-35,Lunch,Occasionally,Burger
291,Male,26-35,Lunch,Weekly,Salad
292,Male,36-45,Lunch,Weekly,Salad
293,Male,18-25,Lunch,Weekly,Pizza
294,Male,18-25,Lunch,Daily,Pizza
295,Male,36-45,Lunch,Weekly,Salad
296,Female,36-45,Dinner,Daily,Salad
297,Female,26-35,Dinner,Occasionally,Salad
298,Female,36-45,Dinner,Occasionally,Pizza
299,Male,36-45,Lunch,Weekly,Salad
300,Male,36-45,Dinner,Daily,Pizza
301,Female,18-25,Lunch,Occasionally,Burger
302,Female,18-25,Lunch,Weekly,Burger
303,Male,36-45,Lunch,Weekly,Burger
304,Female,18-25,Lunch,Occasionally,Burger
305,Male,18-25,Dinner,Daily,Pizza
306,Male,36-45,Lunch,Weekly,Pizza
307,Female,26-35,Lunch,Weekly,Burger
308,Male,26-35,Dinner,Daily,Burger
309,Male,18-25,Lunch,Occasionally,Burger
310,Male,26-35,Lunch,Occasionally,Burger
311,Female,36-45,Lunch,Daily,Burger
312,Male,18-25,Dinner,Occasionally,Salad
313,Female,18-25,Dinner,Daily,Burger
314,Male,18-25,Dinner,Occasionally,Salad
315,Female,18-25,Dinner,Occasionally,Salad
316,Female,18-25,Dinner,Occasionally,Burger
317,Female,18-25,Dinner,Weekly,Salad
318,Female,26-35,Lunch,Weekly,Pizza
319,Male,26-35,Dinner,Daily,Pizza
320,Male,26-35,Dinner,Occasionally,Pizza
321,Male,36-45,Lunch,Weekly,Pizza
322,Female,26-35,Lunch,Occasionally,Pizza
323,Male,26-35,Lunch,Occasionally,Pizza
324,Male,26-35,Dinner,Occasionally,Burger
325,Female,18-25,Lunch,Occasionally,Salad
326,Male,26-35,Dinner,Weekly,Pizza
327,Male,36-45,Lunch,Weekly,Pizza
328,Female,18-25,Lunch,Weekly,Burger
329,Male,36-45,Dinner,Daily,Pizza
330,Female,36-45,Lunch,Weekly,Burger
331,Female,36-45,Lunch,Daily,Salad
332,Female,18-25,Dinner,Weekly,Pizza
333,Male,36-45,Dinner,Occasionally,Salad
334,Male,26-35,Lunch,Weekly,Salad
335,Male,18-25,Dinner,Daily,Pizza
336,Male,36-45,Lunch,Daily,Salad
337,Female,26-35,Lunch,Occasionally,Salad
338,Male,26-35,Lunch,Daily,Burger
339,Male,36-45,Lunch,Daily,Salad
340,Male,36-45,Lunch,Weekly,Pizza
341,Male,36-45,Dinner,Occasionally,Pizza
342,Female,18-25,Dinner,Occasionally,Burger
343,Female,18-25,Dinner,Occasionally,Burger
344,Male,36-45,Lunch,Daily,Pizza
345,Female,36-45,Dinner,Weekly,Pizza
346,Male,18-25,Dinner,Weekly,Burger
347,Male,36-45,Lunch,Daily,Salad
348,Male,26-35,Lunch,Weekly,Pizza
349,Female,36-45,Lunch,Daily,Salad
350,Male,36-45,Lunch,Occasionally,Burger
351,Male,18-25,Lunch,Occasionally,Salad
352,Male,18-25,Dinner,Daily,Burger
353,Female,18-25,Dinner,Occasionally,Burger
354,Male,18-25,Lunch,Occasionally,Salad
355,Male,26-35,Dinner,Weekly,Salad
356,Female,26-35,Lunch,Weekly,Burger
357,Male,36-45,Lunch,Weekly,Salad
358,Male,36-45,Dinner,Daily,Salad
359,Male,26-35,Lunch,Weekly,Salad
360,Female,18-25,Lunch,Weekly,Pizza
361,Female,18-25,Lunch,Weekly,Pizza
362,Male,36-45,Dinner,Occasionally,Burger
363,Male,26-35,Dinner,Daily,Burger
364,Male,18-25,Dinner,Occasionally,Salad
365,Female,18-25,Dinner,Weekly,Pizza
366,Male,26-35,Dinner,Weekly,Salad
367,Female,36-45,Dinner,Weekly,Burger
368,Male,18-25,Lunch,Weekly,Pizza
369,Female,26-35,Dinner,Weekly,Pizza
370,Male,18-25,Dinner,Daily,Salad
371,Male,26-35,Lunch,Occasionally,Pizza
372,Male,36-45,Lunch,Daily,Burger
373,Female,26-35,Lunch,Daily,Salad
374,Female,18-25,Dinner,Weekly,Salad
375,Male,36-45,Lunch,Weekly,Salad
376,Male,36-45,Lunch,Occasionally,Pizza
377,Female,18-25,Lunch,Occasionally,Salad
378,Male,26-35,Lunch,Occasionally,Salad
379,Male,18-25,Dinner,Occasionally,Salad
380,Female,18-25,Lunch,Occasionally,Salad
381,Male,18-25,Dinner,Weekly,Salad
382,Female,36-45,Lunch,Daily,Salad
383,Female,36-45,Dinner,Occasionally,Salad
384,Female,26-35,Lunch,Weekly,Pizza
385,Female,26-35,Dinner,Occasionally,Pizza
386,Female,26-35,Dinner,Daily,Salad
387,Female,36-45,Lunch,Weekly,Pizza
388,Female,26-35,Dinner,Weekly,Salad
389,Female,18-25,Lunch,Occasionally,Burger
390,Male,18-25,Dinner,Occasionally,Pizza
391,Female,18-25,Dinner,Daily,Burger
392,Male,18-25,Lunch,Occasionally,Salad
393,Male,36-45,Lunch,Daily,Salad
394,Male,26-35,Dinner,Weekly,Salad
395,Male,26-35,Lunch,Occasionally,Pizza
396,Male,18-25,Lunch,Daily,Salad
397,Male,36-45,Dinner,Weekly,Salad
398,Male,18-25,Lunch,Weekly,Salad
399,Female,36-45,Lunch,Daily,Pizza
400,Female,26-35,Lunch,Daily,Salad
401,Male,26-35,Dinner,Daily,Pizza
402,Male,26-35,Dinner,Occasionally,Burger
403,Male,36-45,Lunch,Daily,Salad
404,Male,18-25,Lunch,Daily,Salad
405,Male,18-25,Dinner,Daily,Burger
406,Male,18-25,Dinner,Occasionally,Burger
407,Female,26-35,Lunch,Weekly,Salad
408,Male,18-25,Lunch,Weekly,Salad
409,Female,26-35,Lunch,Weekly,Salad
410,Male,26-35,Dinner,Occasionally,Salad
411,Female,26-35,Dinner,Occasionally,Salad
412,Female,36-45,Dinner,Weekly,Salad
413,Female,18-25,Dinner,Occasionally,Salad
414,Female,26-35,Dinner,Daily,Pizza
415,Female,36-45,Lunch,Occasionally,Pizza
416,Male,18-25,Lunch,Daily,Pizza
417,Female,36-45,Lunch,Occasionally,Pizza
418,Male,18-25,Lunch,Occasionally,Salad
419,Male,36-45,Lunch,Weekly,Salad
420,Male,26-35,Dinner,Weekly,Pizza
421,Male,18-25,Lunch,Weekly,Pizza
422,Male,26-35,Dinner,Daily,Salad
423,Male,26-35,Lunch,Daily,Salad
424,Male,18-25,Dinner,Occasionally,Salad
425,Male,26-35,Dinner,Daily,Burger
426,Male,18-25,Lunch,Occasionally,Pizza
427,Female,26-35,Dinner,Weekly,Salad
428,Female,36-45,Lunch,Weekly,Salad
429,Male,26-35,Lunch,Daily,Salad
430,Male,36-45,Lunch,Weekly,Salad
431,Male,36-45,Lunch,Occasionally,Salad
432,Female,26-35,Dinner,Occasionally,Burger
433,Female,26-35,Lunch,Daily,Pizza
434,Male,26-35,Dinner,Weekly,Salad
435,Female,18-25,Lunch,Daily,Pizza
436,Male,36-45,Lunch,Daily,Burger
437,Female,18-25,Dinner,Daily,Pizza
438,Male,36-45,Dinner,Weekly,Salad
439,Female,26-35,Lunch,Weekly,Pizza
440,Male,26-35,Dinner,Occasionally,Burger
441,Male,26-35,Lunch,Daily,Salad
442,Male,26-35,Lunch,Weekly,Burger
443,Female,36-45,Lunch,Occasionally,Burger
444,Female,26-35,Dinner,Occasionally,Pizza
445,Male,36-45,Lunch,Occasionally,Burger
446,Female,36-45,Dinner,Occasionally,Burger
447,Female,36-45,Dinner,Weekly,Salad
448,Female,18-25,Dinner,Weekly,Salad
449,Female,18-25,Dinner,Weekly,Salad
450,Female,26-35,Dinner,Occasionally,Pizza
451,Female,26-35,Dinner,Occasionally,Burger
452,Male,18-25,Lunch,Daily,Pizza
453,Female,18-25,Lunch,Occasionally,Salad
454,Female,36-45,Dinner,Occasionally,Salad
455,Female,36-45,Lunch,Daily,Pizza
456,Male,18-25,Lunch,Weekly,Burger
457,Female,26-35,Lunch,Daily,Salad
458,Female,18-25,Lunch,Occasionally,Burger
459,Male,18-25,Dinner,Occasionally,Salad
460,Female,26-35,Lunch,Weekly,Burger
461,Female,26-35,Dinner,Daily,Burger
462,Male,26-35,Lunch,Occasionally,Salad
463,Female,18-25,Dinner,Occasionally,Salad
464,Male,26-35,Lunch,Occasionally,Burger
465,Male,26-35,Dinner,Daily,Salad
466,Female,18-25,Lunch,Weekly,Burger
467,Female,36-45,Dinner,Weekly,Pizza
468,Male,26-35,Dinner,Weekly,Burger
469,Female,18-25,Dinner,Daily,Salad
470,Male,26-35,Dinner,Occasionally,Pizza
471,Male,36-45,Lunch,Daily,Burger
472,Male,18-25,Lunch,Occasionally,Pizza
473,Female,26-35,Dinner,Weekly,Burger
474,Female,36-45,Dinner,Daily,Salad
475,Male,26-35,Dinner,Occasionally,Salad
476,Male,26-35,Lunch,Occasionally,Pizza
477,Male,36-45,Dinner,Occasionally,Burger
478,Male,18-25,Lunch,Daily,Pizza
479,Female,26-35,Lunch,Occasionally,Pizza
480,Male,18-25,Lunch,Daily,Pizza
481,Female,36-45,Lunch,Weekly,Pizza
482,Female,18-25,Lunch,Occasionally,Burger
483,Female,36-45,Dinner,Weekly,Salad
484,Female,18-25,Lunch,Daily,Burger
485,Male,18-25,Lunch,Weekly,Pizza
486,Female,26-35,Dinner,Occasionally,Burger
487,Female,36-45,Dinner,Weekly,Salad
488,Male,36-45,Lunch,Occasionally,Salad
489,Female,36-45,Lunch,Occasionally,Salad
490,Female,36-45,Dinner,Weekly,Pizza
491,Male,36-45,Dinner,Daily,Burger
492,Female,26-35,Dinner,Occasionally,Burger
493,Male,36-45,Lunch,Daily,Burger
494,Female,36-45,Dinner,Weekly,Salad
495,Female,26-35,Lunch,Weekly,Salad
496,Female,36-45,Lunch,Occasionally,Salad
497,Female,26-35,Lunch,Daily,Burger
498,Male,36-45,Lunch,Occasionally,Pizza
499,Male,36-45,Dinner,Daily,Burger
500,Male,26-35,Dinner,Occasionally,Pizza
501,Female,26-35,Lunch,Occasionally,Burger
502,Female,36-45,Lunch,Occasionally,Pizza
503,Female,18-25,Dinner,Weekly,Salad
504,Female,18-25,Dinner,Weekly,Burger
505,Male,18-25,Lunch,Occasionally,Burger
506,Male,36-45,Lunch,Occasionally,Burger
507,Male,36-45,Dinner,Daily,Burger
508,Male,36-45,Lunch,Daily,Burger
509,Female,18-25,Lunch,Weekly,Pizza
510,Male,18-25,Dinner,Occasionally,Salad
511,Female,36-45,Lunch,Occasionally,Salad
512,Male,36-45,Lunch,Weekly,Burger
513,Female,36-45,Lunch,Occasionally,Salad
514,Male,18-25,Lunch,Occasionally,Salad
515,Female,18-25,Lunch,Daily,Salad
516,Female,18-25,Dinner,Occasionally,Burger
517,Female,18-25,Lunch,Weekly,Salad
518,Male,18-25,Dinner,Weekly,Salad
519,Female,36-45,Dinner,Daily,Burger
520,Female,26-35,Dinner,Occasionally,Salad
521,Female,36-45,Lunch,Occasionally,Salad
522,Female,36-45,Dinner,Daily,Pizza
523,Male,36-45,Lunch,Occasionally,Burger
524,Female,36-45,Dinner,Weekly,Burger
525,Male,18-25,Dinner,Weekly,Salad
526,Female,26-35,Lunch,Weekly,Salad
527,Male,26-35,Lunch,Daily,Burger
528,Male,36-45,Lunch,Occasionally,Pizza
529,Male,36-45,Dinner,Daily,Pizza
530,Male,26-35,Dinner,Daily,Burger
531,Female,18-25,Lunch,Daily,Pizza
532,Female,18-25,Lunch,Daily,Pizza
533,Female,18-25,Dinner,Daily,Salad
534,Male,36-45,Dinner,Weekly,Salad
535,Male,18-25,Lunch,Occasionally,Pizza
536,Female,26-35,Lunch,Daily,Pizza
537,Female,26-35,Dinner,Weekly,Pizza
538,Female,26-35,Dinner,Weekly,Pizza
539,Female,18-25,Dinner,Daily,Burger
540,Male,26-35,Lunch,Daily,Burger
541,Male,36-45,Dinner,Occasionally,Salad
542,Male,36-45,Dinner,Daily,Salad
543,Female,18-25,Lunch,Daily,Pizza
544,Female,36-45,Lunch,Occasionally,Pizza
545,Female,36-45,Lunch,Daily,Pizza
546,Male,36-45,Lunch,Daily,Salad
547,Male,18-25,Lunch,Occasionally,Salad
548,Female,26-35,Dinner,Weekly,Salad
549,Female,26-35,Dinner,Weekly,Salad
550,Male,26-35,Lunch,Weekly,Pizza
551,Female,26-35,Lunch,Occasionally,Pizza
552,Male,18-25,Lunch,Occasionally,Burger
553,Female,26-35,Lunch,Daily,Salad
554,Female,18-25,Dinner,Occasionally,Salad
555,Female,26-35,Dinner,Weekly,Burger
556,Male,18-25,Dinner,Occasionally,Salad
557,Female,26-35,Lunch,Daily,Salad
558,Female,18-25,Dinner,Daily,Salad
559,Female,36-45,Lunch,Weekly,Burger
560,Female,26-35,Lunch,Weekly,Pizza
561,Male,18-25,Dinner,Weekly,Pizza
562,Female,18-25,Lunch,Weekly,Salad
563,Female,18-25,Lunch,Weekly,Burger
564,Male,26-35,Dinner,Weekly,Burger
565,Female,18-25,Lunch,Daily,Salad
566,Female,18-25,Lunch,Occasionally,Pizza
567,Female,36-45,Dinner,Daily,Burger
568,Female,26-35,Lunch,Occasionally,Pizza
569,Female,36-45,Dinner,Occasionally,Salad
570,Male,36-45,Lunch,Occasionally,Pizza
571,Female,36-45,Lunch,Weekly,Pizza
572,Male,26-35,Dinner,Weekly,Pizza
573,Female,18-25,Dinner,Daily,Pizza
574,Male,36-45,Lunch,Weekly,Pizza
575,Male,26-35,Dinner,Daily,Burger
576,Female,18-25,Lunch,Occasionally,Burger
577,Male,36-45,Dinner,Occasionally,Salad
578,Female,26-35,Dinner,Daily,Burger
579,Female,36-45,Lunch,Weekly,Burger
580,Male,36-45,Lunch,Weekly,Burger
581,Male,36-45,Lunch,Weekly,Salad
582,Female,36-45,Dinner,Occasionally,Burger
583,Male,26-35,Lunch,Daily,Pizza
584,Male,36-45,Lunch,Occasionally,Pizza
585,Female,36-45,Dinner,Daily,Salad
586,Male,36-45,Lunch,Weekly,Burger
587,Male,26-35,Dinner,Occasionally,Pizza
588,Female,18-25,Lunch,Occasionally,Burger
589,Female,18-25,Lunch,Daily,Pizza
590,Male,26-35,Lunch,Daily,Salad
591,Male,26-35,Dinner,Weekly,Burger
592,Female,36-45,Dinner,Weekly,Pizza
593,Male,18-25,Dinner,Daily,Burger
594,Female,18-25,Dinner,Occasionally,Pizza
595,Male,18-25,Dinner,Weekly,Salad
596,Female,18-25,Lunch,Occasionally,Pizza
597,Male,18-25,Dinner,Daily,Burger
598,Male,36-45,Lunch,Weekly,Pizza
599,Female,26-35,Dinner,Occasionally,Burger
600,Female,36-45,Lunch,Weekly,Salad
601,Female,26-35,Lunch,Occasionally,Burger
602,Female,18-25,Lunch,Weekly,Pizza
603,Female,18-25,Dinner,Weekly,Pizza
604,Male,26-35,Lunch,Daily,Burger
605,Male,18-25,Dinner,Occasionally,Pizza
606,Male,18-25,Lunch,Weekly,Pizza
607,Male,36-45,Lunch,Daily,Burger
608,Female,26-35,Dinner,Daily,Pizza
609,Male,18-25,Dinner,Weekly,Pizza
610,Female,26-35,Lunch,Weekly,Burger
611,Male,26-35,Lunch,Daily,Salad
612,Male,26-35,Lunch,Weekly,Burger
613,Female,18-25,Lunch,Daily,Salad
614,Male,26-35,Lunch,Occasionally,Pizza
615,Female,18-25,Dinner,Daily,Salad
616,Female,36-45,Dinner,Daily,Salad
617,Female,36-45,Lunch,Weekly,Pizza
618,Male,18-25,Dinner,Daily,Pizza
619,Female,26-35,Dinner,Weekly,Pizza
620,Female,36-45,Dinner,Occasionally,Burger
621,Female,26-35,Dinner,Occasionally,Pizza
622,Female,36-45,Lunch,Weekly,Burger
623,Female,18-25,Lunch,Weekly,Pizza
624,Female,36-45,Lunch,Daily,Salad
625,Female,26-35,Dinner,Weekly,Pizza
626,Male,36-45,Dinner,Daily,Burger
627,Male,36-45,Lunch,Daily,Burger
628,Male,36-45,Dinner,Occasionally,Salad
629,Male,18-25,Lunch,Occasionally,Salad
630,Male,18-25,Lunch,Occasionally,Salad
631,Male,26-35,Lunch,Occasionally,Salad
632,Female,36-45,Dinner,Daily,Burger
633,Male,18-25,Dinner,Daily,Burger
634,Female,18-25,Dinner,Daily,Burger
635,Male,26-35,Dinner,Occasionally,Pizza
636,Male,18-25,Dinner,Occasionally,Salad
637,Male,18-25,Lunch,Occasionally,Salad
638,Female,26-35,Lunch,Weekly,Burger
639,Female,18-25,Dinner,Occasionally,Burger
640,Female,36-45,Lunch,Weekly,Salad
641,Female,18-25,Dinner,Occasionally,Burger
642,Female,26-35,Dinner,Weekly,Salad
643,Male,36-45,Lunch,Weekly,Salad
644,Female,26-35,Dinner,Weekly,Burger
645,Female,18-25,Lunch,Daily,Salad
646,Male,36-45,Lunch,Weekly,Pizza
647,Male,26-35,Dinner,Weekly,Pizza
648,Female,26-35,Lunch,Occasionally,Pizza
649,Male,18-25,Dinner,Daily,Pizza
650,Female,26-35,Lunch,Daily,Burger
651,Male,36-45,Dinner,Occasionally,Burger
652,Male,18-25,Lunch,Occasionally,Salad
653,Male,26-35,Dinner,Daily,Pizza
654,Male,26-35,Lunch,Occasionally,Burger
655,Female,36-45,Dinner,Daily,Burger
656,Female,18-25,Lunch,Weekly,Burger
657,Female,36-45,Dinner,Weekly,Burger
658,Female,18-25,Lunch,Daily,Burger
659,Male,18-25,Lunch,Weekly,Salad
660,Female,26-35,Lunch,Daily,Pizza
661,Male,36-45,Dinner,Weekly,Pizza
662,Male,36-45,Lunch,Weekly,Burger
663,Female,18-25,Dinner,Weekly,Salad
664,Male,26-35,Lunch,Weekly,Salad
665,Male,26-35,Dinner,Weekly,Salad
666,Male,36-45,Dinner,Daily,Salad
667,Male,26-35,Dinner,Weekly,Salad
668,Male,26-35,Lunch,Weekly,Salad
669,Female,18-25,Lunch,Weekly,Salad
670,Female,18-25,Lunch,Daily,Salad
671,Female,18-25,Dinner,Weekly,Salad
672,Male,18-25,Lunch,Occasionally,Burger
673,Male,18-25,Dinner,Weekly,Salad
674,Male,18-25,Lunch,Daily,Burger
675,Female,36-45,Lunch,Weekly,Burger
676,Female,18-25,Dinner,Occasionally,Pizza
677,Female,36-45,Lunch,Daily,Salad
678,Female,18-25,Lunch,Weekly,Pizza
679,Male,18-25,Lunch,Daily,Burger
680,Female,18-25,Dinner,Weekly,Salad
681,Male,36-45,Lunch,Weekly,Pizza
682,Male,26-35,Dinner,Daily,Pizza
683,Male,18-25,Dinner,Daily,Burger
684,Female,36-45,Dinner,Weekly,Pizza
685,Male,36-45,Dinner,Occasionally,Salad
686,Female,18-25,Lunch,Weekly,Salad
687,Female,18-25,Lunch,Daily,Burger
688,Male,36-45,Lunch,Weekly,Pizza
689,Female,36-45,Dinner,Daily,Salad
690,Male,26-35,Lunch,Weekly,Salad
691,Female,26-35,Dinner,Daily,Pizza
692,Male,18-25,Dinner,Daily,Pizza
693,Male,18-25,Lunch,Occasionally,Pizza
694,Female,36-45,Lunch,Weekly,Pizza
695,Female,18-25,Dinner,Daily,Salad
696,Female,26-35,Dinner,Occasionally,Pizza
697,Female,18-25,Dinner,Daily,Salad
698,Female,18-25,Lunch,Daily,Burger
699,Female,26-35,Dinner,Occasionally,Salad
700,Female,36-45,Dinner,Weekly,Burger
701,Female,36-45,Lunch,Occasionally,Salad
702,Male,26-35,Dinner,Occasionally,Salad
703,Male,18-25,Lunch,Weekly,Pizza
704,Male,26-35,Lunch,Weekly,Salad
705,Female,18-25,Lunch,Occasionally,Salad
706,Male,26-35,Dinner,Occasionally,Salad
707,Male,26-35,Dinner,Daily,Pizza
708,Male,18-25,Lunch,Daily,Salad
709,Female,26-35,Lunch,Occasionally,Salad
710,Female,18-25,Lunch,Weekly,Salad
711,Male,36-45,Dinner,Weekly,Burger
712,Female,26-35,Dinner,Weekly,Pizza
713,Male,36-45,Dinner,Occasionally,Burger
714,Female,18-25,Dinner,Weekly,Pizza
715,Male,18-25,Lunch,Daily,Pizza
716,Female,36-45,Dinner,Occasionally,Pizza
717,Female,26-35,Dinner,Weekly,Burger
718,Female,26-35,Lunch,Weekly,Pizza
719,Male,26-35,Lunch,Weekly,Burger
720,Male,36-45,Dinner,Weekly,Salad
721,Female,18-25,Lunch,Occasionally,Burger
722,Female,36-45,Lunch,Weekly,Burger
723,Female,18-25,Lunch,Daily,Burger
724,Female,26-35,Lunch,Weekly,Pizza
725,Female,26-35,Lunch,Weekly,Burger
726,Male,26-35,Lunch,Daily,Pizza
727,Male,26-35,Lunch,Weekly,Burger
728,Female,18-25,Lunch,Weekly,Salad
729,Male,26-35,Dinner,Daily,Burger
730,Female,26-35,Dinner,Occasionally,Salad
731,Male,36-45,Lunch,Daily,Pizza
732,Male,36-45,Lunch,Occasionally,Pizza
733,Male,26-35,Lunch,Weekly,Burger
734,Male,36-45,Dinner,Daily,Burger
735,Male,26-35,Dinner,Daily,Pizza
736,Female,36-45,Dinner,Occasionally,Pizza
737,Female,18-25,Lunch,Daily,Salad
738,Male,18-25,Lunch,Weekly,Burger
739,Female,36-45,Lunch,Daily,Burger
740,Male,18-25,Dinner,Weekly,Pizza
741,Male,26-35,Lunch,Daily,Salad
742,Male,26-35,Lunch,Daily,Salad
743,Female,36-45,Dinner,Occasionally,Pizza
744,Male,36-45,Dinner,Weekly,Salad
745,Male,18-25,Lunch,Occasionally,Pizza
746,Male,36-45,Dinner,Daily,Pizza
747,Male,36-45,Lunch,Weekly,Burger
748,Female,36-45,Dinner,Daily,Pizza
749,Male,18-25,Lunch,Weekly,Pizza
750,Female,26-35,Lunch,Weekly,Burger
751,Female,36-45,Lunch,Weekly,Salad
752,Female,18-25,Lunch,Weekly,Burger
753,Male,18-25,Dinner,Daily,Pizza
754,Male,26-35,Dinner,Weekly,Salad
755,Male,26-35,Lunch,Weekly,Pizza
756,Female,18-25,Lunch,Weekly,Pizza
757,Female,26-35,Dinner,Occasionally,Burger
758,Male,18-25,Lunch,Daily,Burger
759,Female,36-45,Lunch,Weekly,Pizza
760,Male,36-45,Lunch,Daily,Pizza
761,Female,26-35,Lunch,Weekly,Burger
762,Male,18-25,Lunch,Occasionally,Pizza
763,Female,26-35,Dinner,Weekly,Burger
764,Female,18-25,Dinner,Weekly,Salad
765,Female,18-25,Lunch,Daily,Burger
766,Female,18-25,Dinner,Daily,Pizza
767,Female,36-45,Dinner,Weekly,Salad
768,Female,18-25,Lunch,Daily,Salad
769,Female,26-35,Dinner,Weekly,Burger
770,Female,26-35,Lunch,Daily,Salad
771,Male,18-25,Lunch,Weekly,Pizza
772,Male,36-45,Dinner,Weekly,Salad
773,Female,18-25,Dinner,Weekly,Pizza
774,Male,26-35,Lunch,Weekly,Burger
775,Male,36-45,Dinner,Occasionally,Burger
776,Female,18-25,Dinner,Occasionally,Salad
777,Male,18-25,Lunch,Occasionally,Burger
778,Male,26-35,Lunch,Occasionally,Burger
779,Female,26-35,Lunch,Occasionally,Salad
780,Female,36-45,Dinner,Weekly,Pizza
781,Male,26-35,Lunch,Occasionally,Burger
782,Male,36-45,Dinner,Daily,Burger
783,Male,26-35,Lunch,Weekly,Pizza
784,Male,18-25,Dinner,Daily,Pizza
785,Male,18-25,Lunch,Weekly,Salad
786,Male,18-25,Lunch,Daily,Pizza
787,Female,26-35,Lunch,Occasionally,Salad
788,Female,18-25,Dinner,Occasionally,Salad
789,Female,36-45,Lunch,Weekly,Pizza
790,Female,26-35,Dinner,Weekly,Pizza
791,Male,36-45,Dinner,Occasionally,Pizza
792,Female,36-45,Lunch,Weekly,Pizza
793,Male,26-35,Lunch,Daily,Pizza
794,Female,36-45,Lunch,Occasionally,Pizza
795,Male,36-45,Dinner,Daily,Burger
796,Male,36-45,Dinner,Weekly,Burger
797,Male,36-45,Lunch,Daily,Burger
798,Female,26-35,Dinner,Occasionally,Salad
799,Female,26-35,Lunch,Daily,Pizza
800,Female,36-45,Lunch,Daily,Salad
801,Male,18-25,Lunch,Daily,Pizza
802,Male,26-35,Dinner,Occasionally,Burger
803,Female,26-35,Lunch,Occasionally,Salad
804,Female,26-35,Dinner,Weekly,Burger
805,Male,18-25,Lunch,Daily,Burger
806,Male,18-25,Lunch,Daily,Salad
807,Male,18-25,Lunch,Daily,Salad
808,Male,18-25,Lunch,Weekly,Pizza
809,Male,26-35,Dinner,Daily,Burger
810,Male,26-35,Dinner,Weekly,Burger
811,Male,26-35,Dinner,Occasionally,Salad
812,Male,26-35,Lunch,Occasionally,Salad
813,Male,36-45,Lunch,Occasionally,Pizza
814,Male,26-35,Lunch,Weekly,Salad
815,Female,26-35,Lunch,Occasionally,Burger
816,Male,18-25,Lunch,Daily,Salad
817,Female,36-45,Lunch,Occasionally,Pizza
818,Male,36-45,Dinner,Weekly,Pizza
819,Female,18-25,Lunch,Occasionally,Burger
820,Female,26-35,Lunch,Weekly,Burger
821,Male,36-45,Lunch,Weekly,Burger
822,Female,26-35,Dinner,Daily,Pizza
823,Female,18-25,Lunch,Daily,Burger
824,Male,18-25,Dinner,Weekly,Burger
825,Male,36-45,Lunch,Daily,Pizza
826,Female,18-25,Lunch,Occasionally,Pizza
827,Female,18-25,Lunch,Weekly,Pizza
828,Male,26-35,Lunch,Daily,Pizza
829,Female,26-35,Lunch,Occasionally,Salad
830,Male,26-35,Dinner,Daily,Pizza
831,Female,36-45,Lunch,Daily,Pizza
832,Female,36-45,Lunch,Occasionally,Burger
833,Female,26-35,Lunch,Weekly,Salad
834,Male,36-45,Dinner,Weekly,Salad
835,Male,18-25,Lunch,Occasionally,Burger
836,Female,18-25,Dinner,Weekly,Pizza
837,Female,36-45,Lunch,Weekly,Salad
838,Female,26-35,Lunch,Daily,Burger
839,Male,36-45,Lunch,Weekly,Salad
840,Male,26-35,Dinner,Occasionally,Pizza
841,Female,18-25,Dinner,Weekly,Salad
842,Male,18-25,Dinner,Occasionally,Pizza
843,Female,26-35,Dinner,Daily,Salad
844,Female,36-45,Lunch,Weekly,Pizza
845,Female,36-45,Dinner,Weekly,Salad
846,Female,26-35,Dinner,Daily,Pizza
847,Male,18-25,Dinner,Weekly,Salad
848,Female,18-25,Lunch,Daily,Salad
849,Female,36-45,Lunch,Weekly,Pizza
850,Male,26-35,Dinner,Occasionally,Burger
851,Male,18-25,Lunch,Weekly,Burger
852,Female,26-35,Lunch,Occasionally,Pizza
853,Female,26-35,Dinner,Weekly,Salad
854,Male,36-45,Dinner,Weekly,Pizza
855,Male,26-35,Lunch,Weekly,Salad
856,Male,26-35,Lunch,Occasionally,Salad
857,Male,26-35,Dinner,Weekly,Burger
858,Male,36-45,Dinner,Occasionally,Burger
859,Male,26-35,Dinner,Daily,Pizza
860,Male,26-35,Dinner,Daily,Burger
861,Male,18-25,Lunch,Weekly,Burger
862,Male,26-35,Dinner,Occasionally,Pizza
863,Male,36-45,Lunch,Occasionally,Salad
864,Female,36-45,Lunch,Occasionally,Burger
865,Male,36-45,Lunch,Weekly,Burger
866,Male,18-25,Lunch,Weekly,Burger
867,Male,36-45,Lunch,Weekly,Burger
868,Female,36-45,Lunch,Daily,Pizza
869,Female,36-45,Lunch,Weekly,Burger
870,Female,36-45,Dinner,Weekly,Burger
871,Female,26-35,Lunch,Daily,Salad
872,Female,36-45,Lunch,Weekly,Pizza
873,Female,18-25,Lunch,Daily,Pizza
874,Female,36-45,Lunch,Weekly,Salad
875,Female,26-35,Lunch,Occasionally,Burger
876,Male,18-25,Lunch,Occasionally,Salad
877,Male,36-45,Dinner,Weekly,Salad
878,Female,18-25,Dinner,Occasionally,Burger
879,Female,36-45,Lunch,Daily,Salad
880,Male,26-35,Dinner,Weekly,Salad
881,Female,18-25,Dinner,Occasionally,Burger
882,Male,26-35,Dinner,Weekly,Salad
883,Male,36-45,Lunch,Daily,Pizza
884,Male,36-45,Dinner,Daily,Pizza
885,Male,26-35,Lunch,Weekly,Salad
886,Male,26-35,Lunch,Weekly,Salad
887,Male,18-25,Lunch,Weekly,Pizza
888,Female,36-45,Lunch,Occasionally,Salad
889,Female,26-35,Dinner,Weekly,Burger
890,Male,36-45,Lunch,Daily,Pizza
891,Male,36-45,Dinner,Weekly,Burger
892,Female,18-25,Lunch,Daily,Pizza
893,Female,36-45,Dinner,Daily,Salad
894,Male,36-45,Dinner,Occasionally,Burger
895,Male,26-35,Lunch,Daily,Burger
896,Male,36-45,Dinner,Daily,Burger
897,Female,36-45,Dinner,Daily,Pizza
898,Male,36-45,Dinner,Weekly,Burger
899,Male,36-45,Dinner,Occasionally,Pizza
900,Female,18-25,Dinner,Daily,Burger
901,Female,18-25,Dinner,Weekly,Salad
902,Female,26-35,Lunch,Weekly,Burger
903,Male,18-25,Dinner,Weekly,Burger
904,Male,36-45,Dinner,Weekly,Salad
905,Female,18-25,Dinner,Daily,Pizza
906,Female,36-45,Dinner,Daily,Salad
907,Female,36-45,Dinner,Daily,Burger
908,Male,36-45,Lunch,Occasionally,Salad
909,Male,26-35,Dinner,Occasionally,Burger
910,Female,18-25,Lunch,Occasionally,Salad
911,Female,18-25,Lunch,Daily,Salad
912,Male,36-45,Dinner,Weekly,Salad
913,Male,18-25,Dinner,Daily,Salad
914,Male,26-35,Lunch,Daily,Burger
915,Female,36-45,Lunch,Weekly,Pizza
916,Female,26-35,Dinner,Daily,Pizza
917,Male,18-25,Dinner,Occasionally,Pizza
918,Male,36-45,Dinner,Weekly,Pizza
919,Female,26-35,Dinner,Occasionally,Burger
920,Male,26-35,Lunch,Occasionally,Burger
921,Male,18-25,Lunch,Occasionally,Salad
922,Female,18-25,Dinner,Daily,Pizza
923,Male,36-45,Lunch,Occasionally,Salad
924,Female,26-35,Dinner,Daily,Pizza
925,Male,18-25,Lunch,Daily,Pizza
926,Male,18-25,Lunch,Daily,Salad
927,Female,36-45,Dinner,Occasionally,Pizza
928,Female,36-45,Lunch,Occasionally,Salad
929,Male,18-25,Dinner,Daily,Pizza
930,Female,26-35,Lunch,Daily,Pizza
931,Female,18-25,Lunch,Daily,Salad
932,Female,36-45,Lunch,Weekly,Salad
933,Female,18-25,Lunch,Daily,Salad
934,Female,36-45,Dinner,Weekly,Burger
935,Female,26-35,Dinner,Daily,Pizza
936,Female,18-25,Dinner,Weekly,Pizza
937,Male,36-45,Lunch,Daily,Pizza
938,Male,36-45,Lunch,Daily,Salad
939,Female,36-45,Dinner,Daily,Pizza
940,Male,26-35,Lunch,Daily,Salad
941,Female,26-35,Dinner,Occasionally,Salad
942,Female,18-25,Lunch,Daily,Burger
943,Male,26-35,Lunch,Weekly,Pizza
944,Male,26-35,Dinner,Weekly,Pizza
945,Female,26-35,Lunch,Weekly,Burger
946,Male,26-35,Dinner,Weekly,Burger
947,Female,36-45,Dinner,Daily,Burger
948,Female,36-45,Dinner,Occasionally,Salad
949,Male,18-25,Dinner,Daily,Salad
950,Male,26-35,Dinner,Daily,Salad
951,Male,36-45,Dinner,Daily,Pizza
952,Female,18-25,Lunch,Occasionally,Pizza
953,Male,26-35,Lunch,Weekly,Salad
954,Female,18-25,Dinner,Daily,Pizza
955,Female,26-35,Dinner,Weekly,Pizza
956,Female,36-45,Dinner,Occasionally,Pizza
957,Male,36-45,Dinner,Weekly,Salad
958,Male,36-45,Dinner,Daily,Burger
959,Male,18-25,Dinner,Occasionally,Burger
960,Male,18-25,Lunch,Weekly,Burger
961,Male,26-35,Lunch,Occasionally,Pizza
962,Male,18-25,Dinner,Weekly,Pizza
963,Male,26-35,Lunch,Occasionally,Pizza
964,Female,36-45,Lunch,Occasionally,Salad
965,Female,26-35,Dinner,Daily,Burger
966,Female,18-25,Lunch,Occasionally,Burger
967,Male,36-45,Dinner,Daily,Salad
968,Male,18-25,Lunch,Occasionally,Burger
969,Male,18-25,Dinner,Occasionally,Burger
970,Male,36-45,Lunch,Weekly,Salad
971,Female,18-25,Dinner,Occasionally,Pizza
972,Male,36-45,Lunch,Daily,Burger
973,Female,18-25,Dinner,Occasionally,Salad
974,Female,26-35,Dinner,Weekly,Salad
975,Male,18-25,Lunch,Daily,Pizza
976,Male,26-35,Lunch,Occasionally,Burger
977,Female,36-45,Dinner,Occasionally,Burger
978,Male,18-25,Dinner,Daily,Burger
979,Female,36-45,Lunch,Daily,Salad
980,Male,26-35,Dinner,Occasionally,Burger
981,Female,26-35,Dinner,Daily,Pizza
982,Female,36-45,Lunch,Daily,Pizza
983,Female,36-45,Lunch,Weekly,Burger
984,Male,26-35,Lunch,Occasionally,Burger
985,Female,36-45,Dinner,Daily,Burger
986,Male,26-35,Dinner,Daily,Salad
987,Male,18-25,Lunch,Occasionally,Salad
988,Female,36-45,Dinner,Weekly,Salad
989,Female,26-35,Dinner,Weekly,Burger
990,Female,26-35,Lunch,Weekly,Pizza
991,Male,26-35,Lunch,Weekly,Salad
992,Female,26-35,Dinner,Daily,Pizza
993,Male,26-35,Lunch,Weekly,Pizza
994,Female,36-45,Dinner,Occasionally,Salad
995,Male,26-35,Lunch,Weekly,Burger
996,Male,36-45,Dinner,Occasionally,Burger
997,Female,18-25,Dinner,Daily,Burger
998,Female,18-25,Dinner,Weekly,Salad
999,Female,18-25,Lunch,Daily,Burger
1000,Female,36-45,Dinner,Occasionally,Salad
