household_id,region,residence,household_size,internet_access
1,East,Rural,4,Yes
2,East,Rural,7,Yes
3,East,Rural,5,Yes
4,South,Rural,7,Yes
5,East,Rural,4,Yes
6,South,Urban,3,No
7,South,Rural,8,Yes
8,South,Rural,1,No
9,East,Rural,5,No
10,North,Rural,9,Yes
11,West,Urban,4,Yes
12,South,Rural,10,No
13,South,Urban,1,No
14,North,Urban,3,No
15,South,Urban,3,Yes
16,East,Rural,9,No
17,West,Urban,10,No
18,North,Rural,6,Yes
19,East,Rural,4,Yes
20,East,Rural,4,No
21,North,Urban,3,No
22,West,Rural,7,Yes
23,North,Urban,6,Yes
24,North,Rural,5,Yes
25,North,Rural,6,Yes
26,East,Rural,6,No
27,West,Urban,7,No
28,South,Urban,5,No
29,East,Rural,4,Yes
30,South,Urban,6,Yes
31,North,Urban,8,No
32,South,Urban,4,Yes
33,East,Urban,2,Yes
34,West,Rural,6,Yes
35,South,Rural,5,No
36,North,Urban,8,Yes
37,East,Urban,3,No
38,East,Urban,7,Yes
39,North,Urban,6,Yes
40,West,Urban,6,No
41,East,Rural,5,No
42,West,Rural,5,No
43,South,Rural,7,Yes
44,North,Urban,5,Yes
45,East,Urban,10,No
46,North,Urban,2,Yes
47,North,Urban,5,No
48,South,Rural,3,Yes
49,East,Rural,4,Yes
50,East,Rural,7,Yes
51,West,Urban,3,Yes
52,North,Rural,5,No
53,East,Urban,4,Yes
54,North,Rural,4,Yes
55,East,Urban,5,Yes
56,West,Rural,6,Yes
57,South,Urban,10,Yes
58,North,Urban,3,Yes
59,South,Urban,3,No
60,North,Urban,5,No
61,North,Rural,3,Yes
62,West,Urban,3,No
63,West,Urban,4,Yes
64,East,Urban,4,No
65,North,Rural,6,Yes
66,South,Rural,6,Yes
67,North,Rural,7,Yes
68,North,Rural,4,Yes
69,East,Urban,3,No
70,North,Urban,5,Yes
71,South,Rural,5,No
72,North,Urban,6,Yes
73,East,Urban,5,Yes
74,North,Rural,3,No
75,East,Urban,8,Yes
76,South,Urban,11,Yes
77,West,Rural,7,No
78,East,Rural,7,Yes
79,West,Urban,4,Yes
80,West,Rural,6,Yes
81,South,Rural,5,Yes
82,South,Urban,1,No
83,East,Urban,6,No
84,West,Rural,7,No
85,South,Rural,2,No
86,South,Urban,8,Yes
87,East,Rural,4,No
88,East,Urban,6,Yes
89,West,Urban,6,No
90,North,Rural,6,Yes
91,South,Rural,4,Yes
92,South,Rural,4,Yes
93,North,Rural,5,Yes
94,South,Rural,2,Yes
95,West,Rural,5,No
96,North,Urban,5,Yes
97,North,Urban,3,Yes
98,South,Rural,9,Yes
99,East,Rural,3,Yes
100,East,Rural,5,Yes
101,North,Urban,4,Yes
102,West,Rural,2,Yes
103,South,Rural,4,No
104,North,Urban,13,Yes
105,West,Urban,7,No
106,South,Urban,4,No
107,North,Rural,9,Yes
108,East,Rural,6,No
109,East,Urban,5,No
110,West,Urban,7,No
111,West,Urban,6,Yes
112,South,Rural,4,No
113,West,Rural,5,No
114,East,Rural,5,No
115,North,Rural,6,No
116,South,Rural,4,Yes
117,South,Urban,5,Yes
118,West,Rural,5,Yes
119,East,Urban,5,Yes
120,South,Urban,8,Yes
121,North,Urban,8,Yes
122,West,Urban,7,No
123,East,Rural,3,Yes
124,East,Rural,4,Yes
125,East,Urban,8,Yes
126,South,Rural,8,No
127,South,Urban,6,Yes
128,East,Rural,7,Yes
129,North,Rural,5,No
130,North,Urban,1,Yes
131,West,Rural,4,Yes
132,East,Rural,5,Yes
133,South,Rural,4,No
134,South,Rural,9,Yes
135,South,Urban,6,No
136,West,Urban,0,No
137,South,Rural,1,No
138,South,Urban,4,No
139,South,Urban,4,No
140,East,Rural,7,Yes
141,West,Urban,6,Yes
142,West,Rural,6,No
143,South,Rural,4,No
144,North,Rural,3,No
145,South,Rural,3,Yes
146,South,Rural,6,Yes
147,South,Rural,3,No
148,East,Rural,3,Yes
149,West,Urban,5,No
150,South,Urban,3,No
151,East,Rural,2,No
152,South,Urban,1,Yes
153,East,Urban,7,Yes
154,West,Rural,7,No
155,North,Rural,1,Yes
156,East,Rural,5,No
157,East,Rural,4,No
158,East,Urban,5,Yes
159,North,Rural,3,No
160,East,Rural,9,Yes
161,East,Urban,2,No
162,South,Rural,2,No
163,South,Urban,3,No
164,South,Urban,4,No
165,East,Urban,5,No
166,West,Urban,3,No
167,East,Rural,5,No
168,East,Urban,5,Yes
169,South,Urban,4,Yes
170,North,Rural,11,Yes
171,South,Rural,1,No
172,West,Rural,7,No
173,West,Rural,2,Yes
174,West,Rural,3,No
175,North,Urban,5,No
176,East,Rural,6,No
177,East,Rural,3,Yes
178,West,Urban,3,Yes
179,West,Rural,3,No
180,South,Urban,3,No
181,West,Urban,7,Yes
182,North,Urban,6,Yes
183,East,Rural,5,Yes
184,North,Rural,7,Yes
185,East,Urban,3,Yes
186,South,Rural,4,No
187,South,Urban,4,Yes
188,North,Urban,1,Yes
189,East,Rural,4,Yes
190,South,Urban,6,No
191,West,Urban,3,No
192,North,Rural,6,Yes
193,East,Urban,3,Yes
194,West,Urban,7,No
195,West,Urban,5,Yes
196,East,Urban,2,Yes
197,East,Urban,7,No
198,West,Urban,8,Yes
199,North,Rural,5,No
200,West,Rural,5,No
201,South,Urban,4,No
202,South,Urban,2,No
203,West,Urban,6,Yes
204,North,Rural,5,Yes
205,West,Rural,7,No
206,West,Urban,5,Yes
207,South,Rural,5,Yes
208,East,Urban,7,No
209,West,Urban,6,Yes
210,West,Rural,2,No
211,West,Rural,3,No
212,East,Urban,7,No
213,North,Rural,4,Yes
214,West,Rural,5,No
215,West,Rural,4,Yes
216,West,Rural,6,No
217,South,Rural,5,Yes
218,North,Urban,3,No
219,South,Urban,6,No
220,East,Rural,4,No
221,West,Rural,5,No
222,East,Urban,4,Yes
223,North,Urban,3,Yes
224,East,Rural,3,No
225,West,Urban,3,Yes
226,South,Rural,4,No
227,North,Rural,5,No
228,North,Rural,4,No
229,South,Urban,8,No
230,East,Rural,4,Yes
231,North,Urban,3,Yes
232,South,Urban,5,No
233,South,Rural,4,Yes
234,North,Urban,9,No
235,West,Rural,6,Yes
236,West,Rural,4,No
237,West,Urban,4,Yes
238,South,Rural,1,Yes
239,West,Rural,5,Yes
240,North,Urban,4,Yes
241,North,Rural,5,Yes
242,South,Urban,7,Yes
243,North,Rural,3,No
244,West,Urban,2,Yes
245,East,Urban,7,No
246,North,Urban,3,No
247,North,Rural,7,Yes
248,West,Urban,1,Yes
249,West,Rural,7,No
250,South,Rural,7,Yes
251,North,Urban,8,No
252,West,Urban,4,No
253,South,Rural,4,Yes
254,North,Urban,8,Yes
255,North,Rural,4,Yes
256,North,Rural,8,Yes
257,East,Urban,5,Yes
258,East,Rural,5,Yes
259,South,Rural,6,Yes
260,North,Urban,4,Yes
261,West,Urban,4,Yes
262,South,Urban,4,Yes
263,West,Rural,4,No
264,East,Rural,6,Yes
265,South,Urban,4,Yes
266,East,Rural,7,Yes
267,South,Rural,8,Yes
268,East,Urban,5,Yes
269,North,Rural,0,Yes
270,North,Rural,9,Yes
271,North,Rural,4,Yes
272,North,Rural,7,Yes
273,East,Rural,5,Yes
274,South,Rural,5,No
275,North,Urban,3,Yes
276,South,Urban,2,Yes
277,North,Urban,6,Yes
278,East,Rural,4,Yes
279,East,Rural,1,Yes
280,North,Rural,2,No
281,West,Rural,7,Yes
282,South,Urban,6,No
283,East,Rural,2,Yes
284,North,Rural,6,Yes
285,East,Rural,1,No
286,South,Rural,5,Yes
287,West,Rural,3,Yes
288,West,Rural,6,Yes
289,North,Urban,5,Yes
290,West,Rural,5,Yes
291,North,Rural,3,No
292,North,Urban,4,Yes
293,North,Rural,4,No
294,North,Rural,3,No
295,East,Urban,6,Yes
296,South,Rural,1,Yes
297,South,Rural,3,Yes
298,South,Urban,5,Yes
299,East,Urban,5,No
300,North,Urban,5,No
301,South,Rural,6,Yes
302,South,Urban,16,Yes
303,North,Rural,9,Yes
304,South,Urban,9,Yes
305,North,Urban,6,Yes
306,North,Rural,6,Yes
307,South,Urban,9,Yes
308,East,Urban,3,Yes
309,North,Urban,6,Yes
310,East,Rural,2,Yes
311,West,Rural,5,Yes
312,North,Rural,6,Yes
313,South,Rural,1,No
314,North,Urban,3,No
315,West,Urban,2,Yes
316,South,Urban,7,No
317,South,Rural,4,Yes
318,South,Urban,6,Yes
319,East,Rural,6,No
320,North,Urban,3,Yes
321,North,Urban,4,No
322,West,Rural,4,No
323,North,Rural,6,Yes
324,North,Urban,5,No
325,West,Rural,3,No
326,East,Rural,4,No
327,North,Rural,4,Yes
328,South,Rural,5,No
329,North,Rural,5,Yes
330,South,Urban,4,Yes
331,West,Rural,4,Yes
332,South,Rural,8,No
333,North,Urban,5,Yes
334,North,Urban,5,Yes
335,North,Urban,3,Yes
336,North,Rural,4,Yes
337,West,Rural,6,No
338,East,Urban,4,No
339,North,Urban,5,Yes
340,North,Urban,3,Yes
341,North,Urban,5,Yes
342,South,Rural,8,No
343,South,Urban,1,Yes
344,East,Urban,4,Yes
345,South,Rural,3,Yes
346,East,Rural,5,Yes
347,North,Urban,2,No
348,North,Rural,6,No
349,West,Rural,2,Yes
350,North,Rural,4,Yes
351,North,Urban,4,Yes
352,North,Urban,5,No
353,West,Rural,4,Yes
354,East,Urban,11,No
355,North,Rural,5,No
356,West,Rural,4,Yes
357,North,Rural,7,No
358,East,Rural,4,No
359,East,Rural,6,No
360,West,Rural,8,Yes
361,South,Rural,7,No
362,North,Urban,2,No
363,North,Rural,4,No
364,North,Urban,5,No
365,South,Rural,4,No
366,North,Rural,7,Yes
367,South,Rural,7,Yes
368,North,Urban,6,Yes
369,West,Urban,5,Yes
370,North,Urban,7,Yes
371,East,Urban,2,No
372,East,Rural,3,Yes
373,South,Rural,3,Yes
374,South,Rural,7,No
375,North,Rural,7,Yes
376,East,Rural,7,Yes
377,West,Urban,4,No
378,North,Rural,1,Yes
379,North,Rural,6,Yes
380,South,Urban,6,Yes
381,North,Rural,5,Yes
382,South,Rural,4,No
383,South,Urban,4,Yes
384,South,Rural,4,Yes
385,South,Urban,4,No
386,West,Rural,5,Yes
387,West,Urban,6,No
388,West,Urban,4,No
389,West,Rural,5,Yes
390,East,Urban,6,Yes
391,West,Urban,8,Yes
392,East,Rural,9,Yes
393,East,Rural,4,No
394,East,Rural,6,Yes
395,North,Urban,3,Yes
396,East,Urban,2,Yes
397,East,Rural,5,Yes
398,East,Rural,7,No
399,West,Urban,6,Yes
400,South,Urban,5,Yes
401,East,Urban,11,Yes
402,East,Urban,12,Yes
403,East,Rural,4,Yes
404,North,Urban,3,No
405,North,Urban,4,Yes
406,East,Rural,5,Yes
407,South,Rural,7,No
408,East,Urban,6,Yes
409,South,Urban,8,Yes
410,North,Rural,6,Yes
411,West,Urban,3,No
412,South,Urban,4,Yes
413,South,Rural,6,Yes
414,South,Rural,3,Yes
415,West,Urban,4,No
416,North,Rural,8,No
417,West,Rural,3,Yes
418,North,Rural,3,Yes
419,North,Urban,6,No
420,East,Rural,5,No
421,East,Urban,5,No
422,North,Urban,6,No
423,North,Rural,6,No
424,East,Rural,6,Yes
425,North,Urban,4,No
426,East,Rural,10,Yes
427,West,Rural,9,No
428,South,Urban,1,No
429,North,Rural,6,No
430,North,Urban,4,Yes
431,East,Urban,4,No
432,West,Rural,1,Yes
433,South,Rural,6,No
434,East,Urban,3,No
435,South,Rural,2,No
436,North,Rural,6,No
437,South,Rural,5,No
438,East,Urban,1,Yes
439,South,Rural,8,No
440,East,Urban,7,Yes
441,East,Urban,4,No
442,North,Rural,3,Yes
443,South,Rural,7,No
444,West,Rural,6,No
445,North,Rural,4,Yes
446,South,Urban,3,No
447,South,Rural,1,Yes
448,West,Rural,4,No
449,South,Rural,3,Yes
450,West,Urban,5,No
451,South,Urban,5,Yes
452,North,Rural,4,Yes
453,West,Rural,8,No
454,South,Urban,6,No
455,West,Urban,4,Yes
456,North,Urban,6,No
457,West,Urban,5,Yes
458,South,Rural,4,No
459,North,Urban,3,No
460,West,Rural,1,Yes
461,West,Rural,3,Yes
462,East,Urban,5,Yes
463,South,Urban,3,No
464,North,Rural,2,No
465,East,Rural,8,Yes
466,South,Rural,8,No
467,West,Rural,7,Yes
468,East,Rural,5,No
469,South,Rural,6,Yes
470,East,Rural,7,Yes
471,East,Rural,8,Yes
472,North,Rural,6,Yes
473,West,Rural,4,Yes
474,South,Urban,5,No
475,East,Rural,7,Yes
476,North,Rural,4,Yes
477,North,Urban,5,No
478,East,Rural,4,No
479,South,Urban,3,Yes
480,East,Rural,4,No
481,South,Rural,3,Yes
482,South,Rural,3,Yes
483,South,Urban,5,Yes
484,West,Rural,8,Yes
485,North,Urban,5,No
486,West,Rural,3,No
487,South,Rural,4,Yes
488,North,Urban,5,No
489,West,Rural,3,Yes
490,West,Urban,6,No
491,North,Urban,1,No
492,West,Rural,1,No
493,North,Urban,6,No
494,West,Urban,3,Yes
495,South,Urban,4,No
496,South,Urban,3,No
497,West,Urban,6,Yes
498,East,Rural,5,Yes
499,East,Urban,2,No
500,North,Rural,4,Yes
501,South,Urban,2,No
502,West,Urban,4,No
503,West,Urban,5,Yes
504,South,Rural,6,Yes
505,East,Urban,2,No
506,East,Rural,4,Yes
507,East,Urban,1,No
508,East,Urban,4,No
509,South,Urban,7,Yes
510,North,Rural,6,Yes
511,West,Rural,7,No
512,North,Rural,2,No
513,West,Rural,3,No
514,East,Rural,6,Yes
515,West,Urban,4,No
516,West,Urban,3,Yes
517,West,Rural,3,Yes
518,North,Urban,3,No
519,South,Rural,6,Yes
520,South,Rural,5,Yes
521,West,Urban,5,Yes
522,West,Urban,8,No
523,East,Urban,3,No
524,South,Rural,6,Yes
525,North,Rural,3,No
526,West,Urban,3,Yes
527,East,Rural,3,Yes
528,North,Rural,8,No
529,North,Rural,6,Yes
530,East,Urban,5,No
531,West,Urban,6,Yes
532,West,Rural,6,Yes
533,South,Urban,6,No
534,North,Rural,8,No
535,North,Urban,3,Yes
536,South,Rural,4,No
537,South,Rural,1,Yes
538,South,Urban,3,No
539,South,Urban,6,Yes
540,North,Urban,6,Yes
541,East,Urban,4,Yes
542,East,Rural,4,No
543,South,Urban,5,Yes
544,West,Urban,1,No
545,West,Urban,7,Yes
546,East,Urban,6,Yes
547,East,Rural,3,Yes
548,West,Urban,5,Yes
549,West,Rural,8,Yes
550,East,Rural,3,No
551,South,Urban,4,Yes
552,East,Rural,7,No
553,West,Rural,3,No
554,West,Rural,2,No
555,West,Urban,4,Yes
556,East,Urban,3,No
557,South,Rural,6,Yes
558,West,Rural,6,Yes
559,South,Rural,4,Yes
560,West,Rural,3,Yes
561,East,Rural,3,Yes
562,South,Urban,4,Yes
563,West,Rural,4,Yes
564,East,Rural,2,Yes
565,West,Rural,0,Yes
566,South,Urban,8,Yes
567,West,Rural,4,Yes
568,West,Rural,9,No
569,South,Rural,6,Yes
570,North,Urban,7,No
571,South,Rural,4,No
572,East,Rural,8,No
573,West,Rural,6,No
574,North,Rural,4,No
575,North,Rural,6,No
576,West,Rural,8,Yes
577,East,Rural,6,No
578,West,Rural,6,No
579,South,Rural,6,Yes
580,North,Urban,2,No
581,North,Urban,2,Yes
582,West,Rural,4,Yes
583,East,Urban,5,Yes
584,East,Rural,9,No
585,West,Rural,9,Yes
586,East,Urban,6,Yes
587,North,Urban,4,No
588,South,Urban,5,Yes
589,South,Rural,6,No
590,East,Rural,7,No
591,East,Rural,5,No
592,West,Urban,2,Yes
593,East,Urban,6,Yes
594,West,Rural,7,Yes
595,East,Rural,4,Yes
596,South,Urban,3,No
597,North,Rural,3,No
598,East,Urban,1,Yes
599,West,Urban,5,Yes
600,West,Rural,5,Yes
601,West,Rural,5,Yes
602,South,Urban,8,No
603,West,Rural,4,No
604,North,Urban,3,Yes
605,East,Rural,5,No
606,East,Rural,2,No
607,East,Urban,6,Yes
608,South,Rural,6,No
609,North,Urban,3,Yes
610,South,Rural,3,No
611,East,Urban,8,Yes
612,North,Rural,4,Yes
613,South,Rural,10,No
614,North,Rural,6,No
615,South,Rural,8,No
616,South,Urban,6,Yes
617,West,Rural,4,No
618,East,Urban,4,No
619,South,Rural,1,No
620,South,Urban,8,No
621,South,Urban,5,Yes
622,South,Rural,4,No
623,South,Rural,7,Yes
624,West,Urban,7,Yes
625,West,Urban,7,Yes
626,East,Rural,5,Yes
627,North,Rural,2,No
628,North,Rural,8,Yes
629,East,Rural,3,Yes
630,East,Rural,7,Yes
631,East,Urban,5,No
632,West,Urban,5,Yes
633,East,Rural,6,Yes
634,South,Rural,4,Yes
635,North,Rural,7,Yes
636,North,Rural,7,No
637,East,Urban,7,No
638,South,Urban,4,No
639,West,Urban,3,No
640,West,Rural,6,No
641,South,Rural,2,Yes
642,West,Urban,2,No
643,East,Rural,1,Yes
644,West,Rural,6,Yes
645,West,Urban,6,Yes
646,North,Urban,3,Yes
647,East,Urban,7,No
648,West,Rural,7,No
649,East,Urban,6,Yes
650,West,Rural,9,No
651,North,Urban,3,No
652,North,Urban,2,No
653,East,Urban,9,No
654,East,Rural,7,No
655,West,Rural,4,Yes
656,South,Urban,4,No
657,South,Rural,9,No
658,West,Urban,2,No
659,East,Rural,6,Yes
660,South,Urban,5,No
661,East,Rural,8,No
662,East,Rural,6,Yes
663,South,Urban,6,Yes
664,East,Rural,3,Yes
665,East,Rural,5,No
666,North,Urban,4,Yes
667,East,Rural,3,No
668,North,Rural,7,Yes
669,South,Rural,4,No
670,West,Rural,6,Yes
671,West,Rural,5,Yes
672,North,Rural,5,Yes
673,East,Urban,5,No
674,East,Rural,2,Yes
675,South,Rural,5,Yes
676,West,Rural,3,No
677,West,Rural,4,No
678,South,Urban,6,No
679,North,Rural,5,Yes
680,South,Rural,4,Yes
681,East,Rural,4,Yes
682,East,Rural,1,Yes
683,East,Urban,4,No
684,South,Urban,6,No
685,North,Rural,2,No
686,South,Urban,10,Yes
687,West,Rural,7,No
688,East,Urban,8,No
689,South,Rural,5,No
690,East,Urban,4,Yes
691,West,Rural,5,No
692,East,Rural,2,Yes
693,North,Rural,3,No
694,South,Urban,4,No
695,South,Urban,4,Yes
696,South,Urban,6,No
697,West,Rural,3,No
698,West,Urban,5,Yes
699,South,Urban,3,No
700,West,Urban,5,No
701,South,Rural,1,No
702,North,Urban,7,No
703,North,Rural,7,No
704,East,Urban,3,Yes
705,West,Rural,5,No
706,North,Urban,5,No
707,East,Urban,3,Yes
708,East,Urban,6,No
709,South,Urban,8,Yes
710,West,Rural,9,Yes
711,East,Urban,6,Yes
712,South,Rural,0,No
713,North,Rural,7,Yes
714,West,Rural,4,No
715,North,Rural,4,Yes
716,West,Urban,0,No
717,West,Rural,4,Yes
718,South,Rural,4,Yes
719,North,Urban,5,Yes
720,East,Urban,7,No
721,South,Urban,6,Yes
722,West,Rural,4,Yes
723,West,Rural,7,Yes
724,West,Urban,4,No
725,South,Urban,9,No
726,East,Urban,7,No
727,North,Urban,4,No
728,West,Rural,3,No
729,North,Rural,3,Yes
730,South,Rural,8,Yes
731,East,Rural,5,No
732,North,Urban,8,Yes
733,North,Urban,13,Yes
734,East,Rural,5,Yes
735,East,Urban,4,No
736,South,Rural,6,No
737,West,Urban,8,No
738,North,Urban,10,Yes
739,West,Urban,4,Yes
740,East,Urban,6,Yes
741,East,Rural,4,No
742,East,Rural,5,Yes
743,West,Rural,3,Yes
744,North,Rural,6,Yes
745,East,Urban,4,Yes
746,East,Urban,6,Yes
747,North,Rural,9,No
748,South,Rural,2,Yes
749,North,Rural,6,Yes
750,South,Rural,6,Yes
751,West,Urban,6,Yes
752,South,Rural,8,Yes
753,North,Rural,7,No
754,East,Urban,8,Yes
755,North,Rural,10,No
756,South,Rural,5,Yes
757,South,Rural,7,No
758,North,Urban,5,Yes
759,South,Urban,2,No
760,North,Rural,5,Yes
761,West,Urban,3,No
762,North,Rural,5,Yes
763,West,Urban,2,Yes
764,South,Rural,6,Yes
765,South,Urban,0,No
766,West,Rural,2,No
767,South,Urban,8,Yes
768,West,Rural,10,Yes
769,South,Urban,4,Yes
770,West,Urban,6,Yes
771,East,Rural,6,No
772,North,Rural,5,No
773,West,Rural,8,No
774,North,Rural,7,Yes
775,North,Rural,4,No
776,West,Urban,2,No
777,North,Urban,5,Yes
778,East,Rural,4,No
779,West,Rural,6,No
780,South,Rural,6,No
781,North,Rural,5,Yes
782,North,Urban,5,No
783,East,Rural,3,Yes
784,East,Urban,5,No
785,North,Urban,7,No
786,North,Urban,3,Yes
787,West,Urban,6,No
788,South,Rural,7,No
789,West,Urban,4,Yes
790,West,Urban,4,Yes
791,East,Rural,2,Yes
792,West,Rural,5,Yes
793,North,Urban,6,Yes
794,West,Rural,5,No
795,North,Urban,8,No
796,East,Rural,1,No
797,North,Urban,8,No
798,West,Urban,5,Yes
799,South,Rural,7,Yes
800,South,Urban,4,No
801,East,Rural,4,Yes
802,North,Urban,4,Yes
803,West,Rural,4,No
804,West,Rural,2,No
805,East,Urban,4,Yes
806,North,Urban,4,No
807,East,Rural,4,Yes
808,East,Urban,1,Yes
809,North,Urban,6,No
810,East,Urban,5,No
811,East,Urban,5,Yes
812,East,Rural,2,Yes
813,East,Urban,1,Yes
814,East,Urban,3,Yes
815,South,Urban,1,Yes
816,East,Rural,9,Yes
817,South,Rural,5,Yes
818,East,Urban,7,No
819,West,Rural,5,No
820,South,Urban,2,Yes
821,North,Rural,1,No
822,West,Rural,4,Yes
823,West,Urban,3,No
824,North,Urban,7,No
825,East,Rural,5,No
826,West,Rural,5,Yes
827,West,Urban,8,Yes
828,North,Rural,2,No
829,South,Urban,1,Yes
830,North,Rural,5,No
831,South,Urban,2,Yes
832,West,Urban,3,No
833,South,Urban,3,Yes
834,North,Urban,3,Yes
835,North,Rural,5,Yes
836,West,Rural,2,No
837,South,Urban,6,No
838,West,Rural,6,Yes
839,East,Urban,4,No
840,North,Urban,6,Yes
841,South,Rural,2,No
842,North,Rural,5,Yes
843,West,Urban,3,Yes
844,West,Urban,3,Yes
845,South,Urban,4,No
846,West,Urban,5,Yes
847,East,Urban,4,No
848,South,Rural,6,Yes
849,South,Rural,9,Yes
850,East,Rural,5,No
851,North,Urban,3,No
852,South,Rural,6,Yes
853,West,Rural,5,Yes
854,East,Rural,3,Yes
855,East,Urban,3,No
856,North,Rural,2,Yes
857,East,Rural,2,Yes
858,North,Urban,6,Yes
859,North,Rural,6,No
860,East,Urban,5,No
861,North,Urban,3,No
862,North,Rural,7,Yes
863,East,Rural,12,No
864,West,Rural,1,Yes
865,North,Urban,5,Yes
866,North,Urban,7,Yes
867,North,Urban,5,No
868,West,Urban,3,No
869,West,Rural,5,Yes
870,West,Rural,4,Yes
871,South,Urban,9,Yes
872,South,Rural,6,No
873,South,Rural,6,Yes
874,West,Rural,1,Yes
875,South,Urban,4,No
876,East,Urban,5,Yes
877,East,Rural,2,Yes
878,South,Rural,3,No
879,West,Rural,3,No
880,North,Urban,4,Yes
881,West,Rural,3,Yes
882,East,Urban,5,Yes
883,North,Urban,8,Yes
884,East,Urban,5,Yes
885,East,Rural,4,No
886,East,Urban,4,Yes
887,North,Urban,3,No
888,West,Rural,2,No
889,South,Urban,7,Yes
890,East,Urban,9,Yes
891,East,Rural,8,No
892,West,Urban,4,Yes
893,West,Rural,3,Yes
894,North,Rural,4,Yes
895,North,Rural,4,No
896,North,Rural,5,No
897,West,Urban,6,Yes
898,East,Urban,2,Yes
899,East,Rural,5,Yes
900,West,Rural,2,Yes
901,West,Urban,6,No
902,West,Urban,9,Yes
903,North,Urban,9,No
904,North,Rural,8,No
905,West,Urban,5,No
906,South,Urban,4,Yes
907,West,Urban,4,No
908,East,Rural,9,Yes
909,East,Rural,6,No
910,South,Urban,4,Yes
911,West,Urban,5,Yes
912,North,Rural,6,No
913,East,Urban,6,No
914,North,Rural,5,Yes
915,West,Urban,4,No
916,West,Urban,4,No
917,North,Urban,6,Yes
918,East,Urban,6,No
919,South,Urban,2,No
920,East,Urban,5,No
921,East,Rural,5,No
922,West,Urban,3,Yes
923,East,Urban,4,No
924,South,Rural,3,Yes
925,North,Urban,2,Yes
926,East,Rural,7,Yes
927,West,Urban,4,No
928,West,Urban,2,No
929,East,Urban,6,Yes
930,South,Urban,7,No
931,South,Rural,5,No
932,West,Rural,5,No
933,West,Rural,6,Yes
934,West,Rural,8,Yes
935,South,Urban,7,Yes
936,West,Rural,5,Yes
937,East,Urban,7,No
938,East,Rural,3,Yes
939,South,Rural,4,Yes
940,North,Rural,4,Yes
941,West,Rural,2,Yes
942,West,Urban,0,Yes
943,North,Rural,4,Yes
944,North,Rural,3,Yes
945,South,Rural,8,Yes
946,North,Urban,5,Yes
947,South,Rural,5,No
948,South,Urban,5,Yes
949,East,Rural,2,Yes
950,East,Rural,6,Yes
951,East,Rural,6,Yes
952,West,Urban,3,Yes
953,East,Urban,5,No
954,South,Rural,6,Yes
955,South,Rural,4,Yes
956,South,Urban,6,Yes
957,East,Rural,5,Yes
958,East,Urban,4,Yes
959,East,Rural,8,No
960,North,Rural,2,Yes
961,East,Urban,8,Yes
962,North,Rural,7,Yes
963,East,Urban,4,Yes
964,South,Rural,4,Yes
965,West,Urban,5,Yes
966,West,Rural,5,Yes
967,North,Urban,2,No
968,North,Rural,4,Yes
969,North,Rural,3,Yes
970,East,Rural,2,Yes
971,West,Urban,10,No
972,North,Rural,4,Yes
973,South,Rural,9,Yes
974,West,Rural,7,Yes
975,North,Rural,4,Yes
976,East,Rural,7,No
977,West,Urban,3,No
978,East,Rural,7,No
979,West,Urban,2,No
980,East,Rural,3,No
981,West,Urban,10,Yes
982,South,Rural,2,No
983,West,Rural,5,Yes
984,East,Rural,6,Yes
985,South,Rural,4,No
986,North,Urban,5,Yes
987,East,Urban,7,No
988,West,Rural,5,No
989,South,Rural,3,Yes
990,South,Urban,4,Yes
991,North,Urban,7,Yes
992,South,Rural,2,Yes
993,North,Urban,8,Yes
994,South,Rural,6,No
995,East,Urban,4,Yes
996,East,Rural,3,Yes
997,South,Urban,8,Yes
998,South,Rural,3,Yes
999,West,Rural,6,No
1000,West,Urban,1,No
1001,North,Rural,3,No
1002,West,Urban,11,No
1003,South,Rural,6,Yes
1004,East,Urban,6,No
1005,South,Rural,3,Yes
1006,East,Urban,2,No
1007,North,Urban,4,Yes
1008,West,Rural,5,Yes
1009,South,Urban,7,No
1010,East,Urban,4,No
1011,North,Urban,4,Yes
1012,West,Urban,9,No
1013,South,Urban,5,No
1014,East,Rural,10,No
1015,South,Rural,7,Yes
1016,North,Rural,10,Yes
1017,East,Urban,2,Yes
1018,East,Rural,4,No
1019,West,Urban,9,No
1020,West,Rural,6,No
1021,East,Rural,10,Yes
1022,North,Urban,10,No
1023,West,Rural,6,Yes
1024,East,Rural,4,Yes
1025,South,Urban,6,Yes
1026,South,Urban,3,No
1027,South,Urban,4,Yes
1028,East,Urban,7,No
1029,North,Rural,6,Yes
1030,North,Urban,7,Yes
1031,South,Urban,4,No
1032,South,Rural,6,Yes
1033,West,Rural,5,No
1034,East,Rural,3,No
1035,South,Urban,3,No
1036,South,Rural,8,No
1037,North,Rural,7,Yes
1038,East,Rural,1,No
1039,North,Rural,6,Yes
1040,East,Urban,8,No
1041,East,Rural,8,Yes
1042,East,Rural,2,Yes
1043,East,Rural,10,No
1044,South,Rural,8,Yes
1045,South,Rural,3,Yes
1046,West,Urban,8,No
1047,West,Rural,7,No
1048,West,Urban,4,Yes
1049,North,Rural,2,Yes
1050,North,Urban,7,No
1051,West,Urban,4,Yes
1052,West,Rural,3,No
1053,West,Urban,7,No
1054,East,Rural,11,Yes
1055,South,Rural,3,Yes
1056,North,Urban,2,Yes
1057,South,Rural,6,Yes
1058,South,Urban,7,Yes
1059,West,Urban,3,No
1060,South,Urban,5,Yes
1061,West,Urban,4,No
1062,North,Rural,7,Yes
1063,East,Urban,5,Yes
1064,East,Rural,3,Yes
1065,South,Rural,4,No
1066,South,Urban,7,Yes
1067,South,Rural,1,Yes
1068,North,Urban,4,No
1069,East,Urban,5,No
1070,North,Rural,5,Yes
1071,South,Urban,6,Yes
1072,East,Urban,5,Yes
1073,West,Rural,5,Yes
1074,North,Rural,7,No
1075,North,Urban,4,No
1076,South,Urban,1,Yes
1077,West,Urban,7,Yes
1078,East,Urban,7,No
1079,North,Urban,7,Yes
1080,South,Urban,2,Yes
1081,West,Urban,1,Yes
1082,North,Rural,5,Yes
1083,North,Urban,8,No
1084,East,Rural,5,No
1085,West,Rural,1,Yes
1086,East,Rural,4,Yes
1087,East,Urban,4,Yes
1088,East,Rural,5,Yes
1089,East,Urban,3,Yes
1090,South,Rural,5,Yes
1091,East,Urban,3,No
1092,South,Urban,5,Yes
1093,East,Rural,8,No
1094,South,Rural,5,No
1095,East,Urban,6,No
1096,South,Urban,2,Yes
1097,South,Rural,6,No
1098,East,Rural,7,No
1099,West,Rural,1,Yes
1100,South,Rural,1,Yes
1101,North,Rural,5,No
1102,East,Urban,7,No
1103,North,Rural,6,No
1104,East,Urban,4,No
1105,South,Rural,7,Yes
1106,West,Rural,4,Yes
1107,North,Urban,3,Yes
1108,North,Rural,5,Yes
1109,East,Urban,7,Yes
1110,North,Rural,7,No
1111,South,Rural,2,Yes
1112,East,Rural,2,Yes
1113,West,Urban,9,Yes
1114,West,Urban,2,Yes
1115,West,Rural,3,Yes
1116,East,Urban,4,Yes
1117,West,Rural,7,Yes
1118,South,Urban,7,Yes
1119,South,Urban,6,No
1120,South,Urban,4,Yes
1121,East,Rural,3,Yes
1122,West,Rural,8,Yes
1123,East,Urban,8,Yes
1124,East,Urban,4,Yes
1125,South,Rural,5,No
1126,West,Urban,5,Yes
1127,North,Urban,7,Yes
1128,East,Rural,8,No
1129,East,Rural,5,No
1130,East,Urban,7,Yes
1131,East,Rural,7,No
1132,East,Urban,4,Yes
1133,East,Urban,5,Yes
1134,West,Rural,4,No
1135,West,Urban,8,No
1136,North,Rural,6,No
1137,North,Rural,4,No
1138,West,Rural,12,Yes
1139,North,Rural,6,No
1140,North,Urban,3,Yes
1141,North,Urban,6,Yes
1142,South,Rural,4,No
1143,North,Rural,7,Yes
1144,South,Rural,4,Yes
1145,South,Rural,4,No
1146,West,Rural,2,No
1147,West,Rural,5,No
1148,West,Urban,0,No
1149,West,Rural,4,No
1150,West,Rural,4,Yes
1151,East,Urban,7,No
1152,West,Urban,2,No
1153,East,Urban,3,Yes
1154,North,Rural,4,Yes
1155,South,Urban,9,Yes
1156,South,Rural,4,Yes
1157,North,Rural,7,No
1158,West,Rural,3,Yes
1159,East,Rural,5,No
1160,East,Urban,5,Yes
1161,West,Rural,8,Yes
1162,South,Rural,4,Yes
1163,North,Urban,5,Yes
1164,West,Rural,4,No
1165,East,Rural,6,No
1166,South,Urban,2,Yes
1167,North,Urban,6,No
1168,East,Rural,6,Yes
1169,West,Rural,6,No
1170,South,Rural,5,Yes
1171,West,Urban,4,Yes
1172,South,Rural,4,Yes
1173,West,Rural,2,Yes
1174,West,Urban,3,Yes
1175,West,Rural,2,No
1176,South,Rural,5,No
1177,South,Urban,4,No
1178,South,Rural,3,Yes
1179,North,Urban,6,Yes
1180,North,Urban,3,Yes
1181,East,Rural,4,Yes
1182,North,Urban,6,Yes
1183,North,Urban,2,No
1184,East,Rural,3,No
1185,North,Rural,10,No
1186,West,Urban,10,Yes
1187,West,Rural,6,Yes
1188,South,Rural,1,Yes
1189,East,Urban,10,No
1190,East,Urban,6,No
1191,South,Urban,8,No
1192,South,Urban,3,Yes
1193,North,Rural,4,Yes
1194,West,Urban,5,No
1195,East,Urban,4,No
1196,East,Urban,6,Yes
1197,North,Rural,2,No
1198,West,Rural,8,No
1199,East,Urban,7,No
1200,North,Rural,8,Yes
1201,North,Rural,9,Yes
1202,West,Rural,4,Yes
1203,South,Urban,3,No
1204,North,Rural,3,No
1205,North,Rural,2,No
1206,North,Rural,5,No
1207,West,Rural,7,Yes
1208,North,Urban,8,No
1209,North,Rural,2,No
1210,North,Urban,6,Yes
1211,East,Rural,10,No
1212,East,Rural,4,No
1213,West,Urban,6,Yes
1214,North,Urban,5,Yes
1215,West,Urban,2,Yes
1216,North,Rural,5,No
1217,East,Urban,6,No
1218,West,Rural,7,Yes
1219,West,Urban,5,Yes
1220,West,Rural,8,No
1221,South,Urban,1,Yes
1222,South,Rural,5,Yes
1223,West,Urban,5,No
1224,West,Urban,7,No
1225,East,Urban,4,Yes
1226,East,Urban,5,No
1227,South,Rural,3,Yes
1228,West,Urban,7,Yes
1229,East,Rural,5,Yes
1230,West,Urban,4,Yes
1231,West,Rural,7,Yes
1232,East,Rural,5,No
1233,North,Rural,9,No
1234,South,Rural,3,Yes
1235,West,Urban,0,No
1236,South,Rural,4,No
1237,South,Urban,7,No
1238,South,Urban,5,No
1239,West,Rural,3,Yes
1240,North,Urban,2,Yes
1241,North,Rural,8,Yes
1242,South,Urban,3,Yes
1243,South,Urban,6,Yes
1244,West,Urban,5,Yes
1245,North,Urban,8,Yes
1246,West,Urban,5,Yes
1247,East,Urban,2,No
1248,North,Urban,5,Yes
1249,East,Rural,6,No
1250,East,Urban,5,Yes
1251,South,Rural,6,Yes
1252,East,Rural,5,No
1253,East,Urban,7,No
1254,West,Rural,4,No
1255,East,Urban,4,Yes
1256,North,Rural,7,No
1257,East,Rural,8,Yes
1258,North,Urban,5,Yes
1259,East,Urban,4,Yes
1260,North,Rural,5,No
1261,North,Rural,4,No
1262,South,Rural,3,No
1263,South,Rural,5,No
1264,North,Urban,1,Yes
1265,North,Rural,3,Yes
1266,North,Urban,3,Yes
1267,East,Urban,4,No
1268,North,Rural,4,Yes
1269,North,Rural,7,Yes
1270,South,Rural,4,Yes
1271,North,Rural,9,Yes
1272,North,Rural,5,No
1273,East,Urban,8,No
1274,South,Rural,4,Yes
1275,West,Urban,4,No
1276,West,Urban,3,No
1277,East,Rural,6,Yes
1278,South,Rural,3,Yes
1279,West,Urban,5,No
1280,East,Rural,3,Yes
1281,North,Rural,2,Yes
1282,West,Rural,4,Yes
1283,South,Rural,5,No
1284,West,Urban,6,No
1285,South,Urban,3,Yes
1286,South,Rural,4,No
1287,South,Urban,3,No
1288,South,Rural,3,Yes
1289,West,Urban,7,No
1290,North,Rural,5,Yes
1291,East,Rural,3,Yes
1292,South,Rural,7,No
1293,East,Rural,5,No
1294,South,Rural,3,Yes
1295,North,Rural,3,Yes
1296,East,Rural,10,Yes
1297,South,Urban,5,Yes
1298,West,Rural,5,Yes
1299,East,Rural,6,Yes
1300,South,Urban,7,Yes
1301,East,Rural,6,No
1302,East,Rural,8,Yes
1303,South,Rural,3,No
1304,West,Urban,4,No
1305,South,Urban,8,No
1306,West,Rural,4,Yes
1307,West,Urban,9,Yes
1308,South,Urban,4,Yes
1309,East,Rural,6,Yes
1310,North,Rural,5,Yes
1311,West,Rural,5,Yes
1312,North,Urban,5,No
1313,North,Rural,5,Yes
1314,West,Urban,4,No
1315,East,Rural,5,No
1316,North,Rural,3,No
1317,South,Urban,6,Yes
1318,East,Rural,6,No
1319,North,Rural,5,No
1320,South,Urban,4,Yes
1321,South,Urban,6,Yes
1322,East,Rural,7,Yes
1323,South,Rural,4,Yes
1324,West,Rural,5,Yes
1325,South,Urban,8,No
1326,East,Rural,4,Yes
1327,South,Rural,5,No
1328,West,Urban,5,Yes
1329,West,Rural,1,No
1330,West,Rural,4,Yes
1331,North,Rural,5,No
1332,East,Rural,5,No
1333,North,Urban,6,No
1334,East,Urban,6,No
1335,East,Urban,8,No
1336,South,Rural,6,No
1337,West,Urban,5,Yes
1338,East,Urban,4,No
1339,East,Urban,1,Yes
1340,South,Urban,3,Yes
1341,West,Rural,5,Yes
1342,East,Urban,5,No
1343,North,Urban,2,Yes
1344,South,Rural,3,No
1345,South,Rural,3,No
1346,North,Urban,4,No
1347,North,Rural,3,No
1348,East,Urban,4,No
1349,East,Urban,3,No
1350,East,Rural,2,Yes
1351,West,Urban,8,No
1352,South,Rural,3,Yes
1353,East,Urban,3,Yes
1354,East,Rural,4,No
1355,South,Rural,4,Yes
1356,East,Urban,7,No
1357,North,Rural,5,No
1358,East,Urban,3,Yes
1359,East,Urban,7,Yes
1360,East,Urban,8,No
1361,South,Urban,3,Yes
1362,South,Rural,6,Yes
1363,North,Urban,3,Yes
1364,North,Urban,7,Yes
1365,East,Rural,4,Yes
1366,South,Rural,7,Yes
1367,West,Urban,2,Yes
1368,West,Rural,7,No
1369,East,Rural,7,No
1370,East,Urban,7,Yes
1371,West,Urban,1,No
1372,North,Urban,1,Yes
1373,South,Rural,4,Yes
1374,East,Urban,4,No
1375,North,Rural,2,Yes
1376,East,Urban,6,Yes
1377,South,Rural,1,No
1378,South,Urban,7,Yes
1379,East,Urban,5,Yes
1380,North,Urban,7,Yes
1381,North,Urban,9,Yes
1382,West,Rural,5,No
1383,East,Rural,9,Yes
1384,West,Rural,4,No
1385,West,Rural,4,No
1386,West,Rural,10,Yes
1387,East,Urban,3,Yes
1388,South,Rural,7,No
1389,West,Rural,4,Yes
1390,East,Urban,6,No
1391,East,Urban,6,No
1392,East,Rural,4,No
1393,North,Rural,0,No
1394,West,Rural,4,No
1395,North,Rural,5,No
1396,East,Urban,5,No
1397,North,Rural,4,Yes
1398,North,Urban,5,Yes
1399,East,Rural,3,No
1400,South,Rural,4,Yes
1401,South,Rural,1,Yes
1402,North,Rural,5,Yes
1403,South,Rural,4,Yes
1404,West,Rural,10,Yes
1405,East,Rural,2,No
1406,North,Rural,6,Yes
1407,North,Urban,5,Yes
1408,North,Rural,0,Yes
1409,West,Urban,3,Yes
1410,North,Rural,6,No
1411,West,Rural,5,No
1412,North,Urban,8,Yes
1413,North,Rural,6,No
1414,South,Urban,5,Yes
1415,South,Urban,4,Yes
1416,South,Urban,4,No
1417,West,Urban,3,Yes
1418,East,Rural,4,Yes
1419,South,Urban,4,No
1420,West,Rural,9,Yes
1421,South,Rural,3,No
1422,South,Urban,6,Yes
1423,North,Urban,2,No
1424,South,Rural,4,No
1425,West,Rural,3,Yes
1426,East,Rural,8,No
1427,West,Urban,4,No
1428,North,Urban,4,Yes
1429,East,Urban,4,Yes
1430,East,Urban,3,No
1431,East,Rural,6,Yes
1432,North,Rural,7,Yes
1433,West,Rural,8,Yes
1434,East,Urban,5,No
1435,South,Rural,6,No
1436,West,Rural,6,Yes
1437,North,Urban,8,No
1438,East,Urban,11,No
1439,South,Rural,3,Yes
1440,South,Rural,4,Yes
1441,East,Urban,8,Yes
1442,East,Urban,4,No
1443,East,Urban,6,Yes
1444,North,Rural,7,No
1445,North,Rural,2,No
1446,West,Rural,7,Yes
1447,East,Rural,6,Yes
1448,East,Rural,1,No
1449,North,Urban,2,No
1450,East,Rural,4,No
1451,West,Rural,7,Yes
1452,West,Rural,4,No
1453,South,Rural,4,Yes
1454,East,Rural,8,No
1455,West,Rural,4,Yes
1456,East,Rural,5,Yes
1457,North,Rural,3,Yes
1458,North,Urban,3,No
1459,North,Rural,3,Yes
1460,North,Rural,5,No
1461,South,Urban,9,Yes
1462,South,Urban,4,No
1463,East,Rural,7,Yes
1464,East,Rural,2,Yes
1465,South,Urban,6,Yes
1466,North,Urban,4,No
1467,West,Urban,5,Yes
1468,West,Rural,2,No
1469,West,Rural,7,No
1470,North,Rural,8,Yes
1471,East,Rural,6,No
1472,South,Rural,2,No
1473,North,Urban,9,No
1474,West,Urban,3,Yes
1475,North,Rural,7,Yes
1476,South,Urban,6,No
1477,East,Rural,4,Yes
1478,North,Rural,6,No
1479,West,Urban,4,Yes
1480,South,Urban,5,No
1481,West,Rural,4,No
1482,West,Urban,6,No
1483,West,Rural,4,Yes
1484,North,Rural,8,Yes
1485,South,Rural,4,Yes
1486,East,Rural,5,No
1487,South,Urban,8,Yes
1488,North,Urban,6,No
1489,West,Urban,1,No
1490,East,Urban,6,Yes
1491,East,Rural,3,Yes
1492,West,Rural,9,Yes
1493,West,Rural,5,No
1494,North,Urban,6,Yes
1495,South,Rural,2,Yes
1496,North,Urban,3,Yes
1497,North,Urban,9,No
1498,North,Urban,5,Yes
1499,East,Urban,4,No
1500,West,Rural,5,No
1501,East,Rural,3,Yes
1502,South,Rural,5,No
1503,South,Urban,3,No
1504,South,Rural,3,No
1505,West,Rural,7,No
1506,West,Urban,6,No
1507,West,Rural,10,Yes
1508,East,Rural,3,Yes
1509,South,Urban,5,Yes
1510,West,Urban,5,Yes
1511,West,Urban,5,No
1512,North,Rural,5,No
1513,North,Urban,3,No
1514,West,Rural,6,Yes
1515,North,Urban,8,Yes
1516,North,Rural,4,Yes
1517,East,Rural,7,No
1518,South,Rural,8,No
1519,West,Urban,1,Yes
1520,South,Rural,5,Yes
1521,North,Rural,3,Yes
1522,East,Urban,5,No
1523,North,Rural,4,No
1524,West,Rural,7,Yes
1525,East,Rural,3,Yes
1526,South,Rural,8,Yes
1527,South,Rural,4,Yes
1528,South,Urban,6,No
1529,East,Urban,3,Yes
1530,North,Urban,8,No
1531,North,Rural,6,Yes
1532,North,Urban,5,No
1533,South,Urban,6,Yes
1534,West,Urban,9,No
1535,West,Urban,7,No
1536,North,Rural,9,No
1537,West,Urban,6,No
1538,South,Rural,5,No
1539,South,Rural,9,Yes
1540,South,Rural,6,Yes
1541,West,Rural,4,Yes
1542,East,Urban,4,No
1543,North,Rural,1,Yes
1544,South,Rural,5,No
1545,West,Urban,5,Yes
1546,West,Urban,2,Yes
1547,West,Urban,6,Yes
1548,East,Urban,3,Yes
1549,North,Rural,4,No
1550,East,Urban,4,No
1551,North,Urban,8,Yes
1552,East,Rural,6,Yes
1553,South,Urban,7,No
1554,West,Urban,4,No
1555,North,Rural,6,Yes
1556,South,Urban,3,Yes
1557,South,Rural,5,Yes
1558,North,Rural,8,No
1559,South,Rural,4,No
1560,West,Rural,4,Yes
1561,North,Urban,4,Yes
1562,South,Rural,8,Yes
1563,East,Rural,6,Yes
1564,South,Urban,4,No
1565,East,Urban,7,Yes
1566,East,Urban,3,Yes
1567,South,Rural,4,No
1568,South,Urban,2,Yes
1569,South,Urban,3,Yes
1570,North,Urban,6,No
1571,East,Urban,11,Yes
1572,North,Urban,7,Yes
1573,East,Urban,6,No
1574,South,Urban,5,Yes
1575,South,Urban,3,Yes
1576,West,Urban,10,No
1577,South,Rural,7,Yes
1578,South,Rural,10,Yes
1579,East,Rural,5,No
1580,South,Rural,6,Yes
1581,East,Urban,7,Yes
1582,East,Rural,5,No
1583,West,Rural,5,Yes
1584,East,Urban,6,Yes
1585,North,Urban,5,No
1586,North,Rural,4,Yes
1587,South,Rural,5,Yes
1588,South,Urban,5,No
1589,North,Urban,6,Yes
1590,North,Rural,9,No
1591,East,Urban,4,Yes
1592,East,Urban,3,Yes
1593,North,Rural,3,Yes
1594,South,Rural,4,No
1595,North,Rural,4,No
1596,North,Urban,4,Yes
1597,South,Urban,5,Yes
1598,West,Urban,4,No
1599,South,Rural,4,No
1600,West,Urban,4,Yes
1601,South,Rural,6,No
1602,North,Urban,3,Yes
1603,South,Rural,3,No
1604,South,Rural,2,No
1605,North,Rural,2,No
1606,West,Urban,6,Yes
1607,East,Urban,10,Yes
1608,South,Urban,7,No
1609,North,Urban,6,Yes
1610,South,Rural,6,No
1611,East,Urban,4,No
1612,West,Urban,6,Yes
1613,North,Urban,4,Yes
1614,South,Rural,2,Yes
1615,West,Rural,7,No
1616,East,Rural,8,Yes
1617,South,Rural,4,Yes
1618,South,Urban,6,No
1619,East,Rural,5,No
1620,North,Urban,8,No
1621,South,Urban,4,Yes
1622,North,Urban,4,No
1623,East,Rural,4,Yes
1624,West,Rural,2,Yes
1625,West,Urban,6,No
1626,North,Urban,8,No
1627,West,Rural,5,Yes
1628,West,Rural,3,No
1629,West,Rural,8,No
1630,East,Rural,4,No
1631,North,Rural,3,Yes
1632,North,Rural,8,Yes
1633,West,Rural,5,No
1634,South,Urban,4,No
1635,East,Urban,4,Yes
1636,West,Rural,4,No
1637,West,Urban,3,Yes
1638,West,Rural,7,No
1639,East,Urban,7,Yes
1640,East,Urban,3,Yes
1641,East,Rural,5,No
1642,East,Rural,3,Yes
1643,West,Urban,2,Yes
1644,South,Rural,7,No
1645,East,Urban,4,No
1646,East,Urban,5,No
1647,South,Rural,3,No
1648,East,Rural,5,Yes
1649,West,Urban,7,Yes
1650,South,Urban,1,No
1651,East,Urban,11,No
1652,West,Rural,7,No
1653,East,Rural,3,No
1654,South,Urban,6,No
1655,West,Urban,5,No
1656,South,Urban,1,Yes
1657,East,Rural,5,No
1658,West,Urban,4,No
1659,North,Urban,12,Yes
1660,West,Rural,5,Yes
1661,North,Rural,1,No
1662,North,Urban,1,Yes
1663,West,Rural,4,No
1664,East,Urban,2,Yes
1665,East,Rural,2,Yes
1666,East,Rural,5,No
1667,West,Rural,4,Yes
1668,North,Rural,4,Yes
1669,North,Rural,4,No
1670,East,Urban,5,Yes
1671,West,Urban,3,Yes
1672,East,Rural,2,Yes
1673,West,Rural,9,No
1674,East,Urban,3,Yes
1675,North,Urban,5,Yes
1676,North,Urban,9,Yes
1677,North,Urban,11,No
1678,North,Urban,5,Yes
1679,North,Rural,7,Yes
1680,East,Rural,2,Yes
1681,West,Urban,2,No
1682,South,Urban,3,Yes
1683,East,Rural,3,Yes
1684,West,Urban,4,Yes
1685,East,Rural,5,Yes
1686,East,Rural,3,Yes
1687,East,Urban,4,No
1688,North,Urban,2,Yes
1689,South,Urban,6,Yes
1690,South,Rural,7,Yes
1691,West,Rural,7,Yes
1692,East,Rural,5,Yes
1693,East,Rural,6,No
1694,South,Rural,6,No
1695,North,Rural,5,No
1696,North,Rural,3,No
1697,North,Urban,3,No
1698,East,Urban,4,Yes
1699,West,Rural,2,Yes
1700,North,Rural,1,No
1701,South,Rural,6,Yes
1702,West,Rural,5,Yes
1703,South,Urban,7,No
1704,West,Rural,6,Yes
1705,South,Urban,5,No
1706,North,Urban,7,Yes
1707,South,Rural,7,No
1708,East,Rural,4,Yes
1709,East,Urban,11,No
1710,West,Rural,3,Yes
1711,North,Rural,10,No
1712,West,Rural,5,No
1713,East,Urban,4,No
1714,East,Urban,7,No
1715,East,Urban,6,No
1716,North,Rural,5,Yes
1717,South,Urban,3,No
1718,South,Urban,5,Yes
1719,South,Rural,6,No
1720,West,Rural,5,Yes
1721,West,Urban,5,Yes
1722,South,Rural,5,Yes
1723,North,Rural,5,Yes
1724,South,Urban,5,Yes
1725,North,Rural,3,Yes
1726,South,Rural,5,Yes
1727,West,Rural,8,Yes
1728,North,Rural,2,Yes
1729,South,Rural,5,No
1730,North,Rural,7,Yes
1731,East,Urban,4,Yes
1732,South,Urban,5,Yes
1733,West,Rural,5,Yes
1734,North,Rural,6,Yes
1735,North,Rural,5,Yes
1736,West,Urban,10,No
1737,North,Urban,9,No
1738,South,Rural,5,Yes
1739,West,Urban,3,Yes
1740,North,Rural,3,Yes
1741,West,Urban,11,No
1742,North,Rural,4,Yes
1743,East,Urban,3,Yes
1744,West,Rural,4,No
1745,South,Urban,5,No
1746,West,Urban,1,Yes
1747,East,Rural,1,No
1748,West,Rural,4,Yes
1749,East,Urban,3,No
1750,East,Rural,1,No
1751,South,Urban,7,No
1752,North,Rural,7,Yes
1753,East,Urban,6,Yes
1754,South,Rural,2,No
1755,North,Rural,6,Yes
1756,East,Urban,7,No
1757,South,Urban,4,No
1758,East,Rural,4,No
1759,East,Urban,1,Yes
1760,West,Rural,5,Yes
1761,East,Rural,3,Yes
1762,East,Urban,7,No
1763,West,Rural,4,Yes
1764,West,Urban,9,Yes
1765,South,Urban,6,No
1766,West,Urban,4,Yes
1767,East,Rural,7,Yes
1768,West,Urban,4,No
1769,East,Urban,4,No
1770,East,Rural,6,No
1771,South,Urban,4,Yes
1772,North,Urban,6,No
1773,North,Urban,4,No
1774,West,Rural,6,Yes
1775,West,Rural,5,Yes
1776,South,Urban,8,Yes
1777,South,Urban,9,Yes
1778,East,Rural,9,No
1779,North,Rural,3,Yes
1780,North,Urban,4,Yes
1781,North,Rural,4,No
1782,West,Rural,3,No
1783,North,Urban,5,Yes
1784,North,Rural,9,Yes
1785,East,Urban,2,Yes
1786,West,Rural,6,Yes
1787,South,Rural,3,No
1788,East,Rural,3,Yes
1789,South,Urban,5,No
1790,North,Urban,2,Yes
1791,North,Rural,6,No
1792,West,Rural,6,Yes
1793,South,Rural,8,No
1794,North,Urban,3,Yes
1795,North,Rural,4,Yes
1796,East,Urban,4,No
1797,South,Rural,8,No
1798,West,Urban,2,No
1799,North,Urban,3,No
1800,South,Rural,6,Yes
1801,West,Urban,2,Yes
1802,South,Rural,10,Yes
1803,South,Rural,1,Yes
1804,North,Rural,5,No
1805,South,Rural,7,No
1806,North,Urban,4,Yes
1807,West,Urban,6,No
1808,East,Rural,5,Yes
1809,West,Rural,5,Yes
1810,East,Rural,9,Yes
1811,North,Rural,4,No
1812,South,Urban,4,No
1813,East,Urban,9,Yes
1814,South,Rural,2,No
1815,East,Rural,8,No
1816,West,Rural,4,Yes
1817,North,Rural,3,No
1818,West,Rural,2,No
1819,West,Urban,2,No
1820,East,Rural,3,Yes
1821,West,Urban,7,Yes
1822,South,Urban,4,Yes
1823,East,Rural,6,No
1824,East,Urban,8,No
1825,East,Urban,4,No
1826,North,Urban,6,Yes
1827,North,Rural,6,Yes
1828,South,Rural,4,No
1829,West,Urban,1,Yes
1830,East,Rural,4,Yes
1831,North,Urban,3,No
1832,North,Rural,5,Yes
1833,South,Urban,6,Yes
1834,North,Rural,4,Yes
1835,North,Rural,5,Yes
1836,West,Urban,4,Yes
1837,South,Rural,2,Yes
1838,West,Rural,3,Yes
1839,North,Urban,7,No
1840,East,Urban,5,No
1841,North,Rural,8,Yes
1842,South,Rural,7,No
1843,East,Urban,3,Yes
1844,South,Rural,6,Yes
1845,North,Rural,4,No
1846,East,Urban,5,No
1847,West,Rural,7,Yes
1848,South,Rural,8,Yes
1849,South,Rural,7,No
1850,North,Urban,9,No
1851,South,Urban,4,No
1852,West,Rural,0,No
1853,West,Urban,3,No
1854,West,Rural,6,Yes
1855,East,Rural,6,No
1856,West,Rural,5,No
1857,West,Urban,1,No
1858,North,Rural,2,Yes
1859,West,Rural,3,Yes
1860,South,Urban,11,No
1861,South,Rural,7,No
1862,West,Rural,5,No
1863,East,Urban,2,No
1864,North,Urban,4,No
1865,East,Urban,2,No
1866,West,Urban,6,Yes
1867,North,Rural,4,Yes
1868,North,Urban,8,Yes
1869,West,Urban,4,Yes
1870,South,Urban,4,Yes
1871,East,Rural,1,No
1872,East,Urban,5,No
1873,North,Rural,6,No
1874,South,Rural,7,No
1875,West,Urban,3,Yes
1876,South,Rural,5,No
1877,East,Rural,4,Yes
1878,West,Urban,6,No
1879,West,Rural,4,No
1880,West,Urban,5,No
1881,South,Urban,6,Yes
1882,West,Rural,3,Yes
1883,West,Rural,5,No
1884,South,Urban,3,Yes
1885,North,Urban,5,No
1886,North,Rural,8,Yes
1887,North,Rural,9,No
1888,North,Rural,5,No
1889,North,Urban,6,Yes
1890,West,Rural,9,No
1891,North,Urban,6,Yes
1892,East,Rural,9,Yes
1893,North,Rural,6,No
1894,East,Rural,3,No
1895,North,Rural,6,No
1896,North,Urban,5,Yes
1897,North,Rural,8,No
1898,East,Rural,9,No
1899,South,Urban,5,No
1900,North,Rural,4,No
1901,East,Urban,5,No
1902,East,Rural,6,Yes
1903,North,Urban,10,Yes
1904,North,Rural,5,Yes
1905,East,Rural,4,No
1906,East,Rural,7,Yes
1907,South,Rural,8,Yes
1908,South,Urban,5,Yes
1909,North,Urban,4,Yes
1910,North,Urban,4,Yes
1911,West,Rural,9,No
1912,East,Urban,5,No
1913,North,Rural,3,Yes
1914,South,Rural,4,Yes
1915,North,Urban,3,No
1916,West,Urban,5,Yes
1917,North,Rural,7,No
1918,South,Rural,1,Yes
1919,East,Urban,7,No
1920,East,Urban,3,Yes
1921,South,Rural,6,No
1922,West,Rural,6,No
1923,North,Urban,5,Yes
1924,South,Rural,6,Yes
1925,North,Rural,5,No
1926,South,Rural,6,Yes
1927,South,Urban,10,No
1928,North,Urban,7,Yes
1929,South,Rural,2,No
1930,North,Urban,5,No
1931,East,Urban,3,Yes
1932,South,Urban,4,No
1933,East,Urban,2,Yes
1934,North,Rural,2,No
1935,West,Rural,7,No
1936,North,Urban,9,No
1937,East,Rural,4,No
1938,South,Rural,4,No
1939,South,Urban,5,Yes
1940,South,Urban,4,No
1941,East,Urban,9,Yes
1942,North,Rural,6,No
1943,East,Rural,4,Yes
1944,North,Rural,5,Yes
1945,South,Rural,10,Yes
1946,South,Urban,5,No
1947,South,Urban,2,Yes
1948,West,Urban,2,Yes
1949,West,Rural,8,Yes
1950,South,Rural,7,No
1951,North,Urban,6,No
1952,West,Urban,3,No
1953,South,Urban,4,Yes
1954,South,Rural,3,Yes
1955,East,Rural,4,No
1956,West,Rural,7,Yes
1957,East,Rural,8,No
1958,South,Rural,7,Yes
1959,East,Urban,9,Yes
1960,South,Rural,4,Yes
1961,East,Urban,2,Yes
1962,North,Urban,4,Yes
1963,North,Urban,14,Yes
1964,East,Urban,5,Yes
1965,West,Rural,12,No
1966,North,Rural,6,Yes
1967,West,Rural,4,Yes
1968,South,Rural,8,No
1969,South,Urban,5,Yes
1970,West,Rural,7,Yes
1971,East,Rural,3,Yes
1972,East,Urban,9,Yes
1973,North,Rural,5,Yes
1974,West,Urban,3,Yes
1975,East,Urban,7,Yes
1976,East,Urban,3,No
1977,West,Rural,5,No
1978,East,Urban,6,Yes
1979,North,Urban,5,No
1980,South,Rural,5,Yes
1981,East,Rural,8,Yes
1982,West,Urban,3,No
1983,North,Urban,1,No
1984,West,Rural,4,No
1985,North,Urban,4,Yes
1986,South,Urban,8,Yes
1987,South,Rural,5,Yes
1988,North,Rural,3,Yes
1989,South,Rural,3,No
1990,North,Rural,2,Yes
1991,East,Rural,7,Yes
1992,East,Rural,2,Yes
1993,South,Urban,4,No
1994,West,Urban,5,Yes
1995,North,Urban,4,No
1996,West,Rural,8,Yes
1997,South,Urban,8,Yes
1998,North,Urban,8,No
1999,West,Rural,7,No
2000,North,Rural,8,Yes
